gmCode	gCode	gemeenteStemwijzer	gemeenteNos	stemwijzerShort	stemwijzerFull	nosShort	nosFull	score
GM0034	G0034	Almere	Almere	VVD	Volkspartij voor Vrijheid en Democratie	VVD	VVD	1
GM0034	G0034	Almere	Almere	PVV	PVV	PVV	PVV (Partij voor de Vrijheid)	1
GM0034	G0034	Almere	Almere	D66	D66	D66	D66	1
GM0034	G0034	Almere	Almere	SP	Socialistische Partij	SP	SP (Socialistische Partij)	1
GM0034	G0034	Almere	Almere	PvdD	Partij voor de Dieren	PVDD	Partij voor de Dieren	1
GM0034	G0034	Almere	Almere	Leefbaar Almere	Leefbaar Almere	LEEFALM	Leefbaar Almere	1
GM0034	G0034	Almere	Almere	ChristenUnie	ChristenUnie	CU	ChristenUnie	1
GM0034	G0034	Almere	Almere	50PLUS	50PLUS	50PLUS	50PLUS	1
GM0034	G0034	Almere	Almere	FvD	Forum voor Democratie	FVD	Forum voor Democratie	1
GM0034	G0034	Almere	Almere	CDA	Christen-Democratisch Appèl	CDA	CDA	1
GM0034	G0034	Almere	Almere	Denk	Denk	DENK	DENK	1
GM0034	G0034	Almere	Almere	Almere Partij	Almere Partij	APOPA	Almere Partij	1
GM0034	G0034	Almere	Almere	Sterk Lokaal Almere	Sterk Lokaal Almere	STERKLOK	Sterk Lokaal Almere	1
GM0034	G0034	Almere	Almere	De Verbinding	De Verbinding	DEVER	De Verbinding	1
GM0034	G0034	Almere	Almere	JA21	JA21	JA21	JA21	1
GM0034	G0034	Almere	Almere	Partij Generatie Almere	Partij Generatie Almere	PARGEN	Partij Generatie Almere	1
GM0034	G0034	Almere	Almere	Samen voor Almere	Samen voor Almere	SAMVOO	Samen voor Almere	1
GM0034	G0034	Almere	Almere	Lijst 16 Blanco (Ginther)	Lijst 16 Blanco (Ginther)	BLANCO	Blanco (Ginther, A.J.F.)	0.93
GM0034	G0034	Almere	Almere	GroenLinks-PvdA	Groenlinks - Partij van de Arbeid	GLPVDA	GROENLINKS / Partij van de Arbeid (PvdA)	0.92
GM0047	G0047	Veendam	Veendam	SP	Socialistische Partij	SP	SP (Socialistische Partij)	1
GM0047	G0047	Veendam	Veendam	VVD	Volkspartij voor Vrijheid en Democratie	VVD	VVD	1
GM0047	G0047	Veendam	Veendam	D66	D66	D66	D66	1
GM0047	G0047	Veendam	Veendam	CDA	Christen-Democratisch Appèl	CDA	CDA	1
GM0047	G0047	Veendam	Veendam	ChristenUnie	ChristenUnie	CU	ChristenUnie	1
GM0047	G0047	Veendam	Veendam	DURF	DURF	DURF	DURF	1
GM0047	G0047	Veendam	Veendam	Voor ons Veendam	Voor ons Veendam	VOOVEE	Voorons Veendam	0.9375
GM0047	G0047	Veendam	Veendam	GroenLinks-PvdA	Groenlinks - Partij van de Arbeid	GLPVDA	GROENLINKS / Partij van de Arbeid (PvdA)	0.92
GM0047	G0047	Veendam	Veendam	Gemeentebelangen Veendam	Gemeentebelangen Veendam	GEMBEL	GemeenteBelangen Veendam (GB)	0.8888888888888888
GM0047	G0047	Veendam	Veendam	Veuruutkiek	Veuruutkiek	VUK	Veuruutkiek (VUK)	0.88
GM0050	G0050	Zeewolde	Zeewolde	Leefbaar Zeewolde	Leefbaar Zeewolde	LEFZWD	Leefbaar Zeewolde	1
GM0050	G0050	Zeewolde	Zeewolde	ChristenUnie	ChristenUnie	CU	ChristenUnie	1
GM0050	G0050	Zeewolde	Zeewolde	D66	D66	D66	D66	1
GM0050	G0050	Zeewolde	Zeewolde	Zeewolde Liberaal	Zeewolde Liberaal	ZEELIB	Zeewolde Liberaal	1
GM0050	G0050	Zeewolde	Zeewolde	Volkspartij voor Vrijheid en Democratie	Volkspartij voor Vrijheid en Democratie	VVD	VVD	0.94
GM0050	G0050	Zeewolde	Zeewolde	Christen Democratisch Appèl	Christen Democratisch Appèl	CDA	CDA	0.94
GM0050	G0050	Zeewolde	Zeewolde	GroenLinks PvdA	Groenlinks PvdA	GLPVDA	GROENLINKS / Partij van de Arbeid (PvdA)	0.92
GM0072	G0072	Harlingen	Harlingen	Harlinger Belang	Harlinger Belang	HARBEL	Harlinger Belang	1
GM0072	G0072	Harlingen	Harlingen	CDA	Christen-Democratisch Appèl	CDA	CDA	1
GM0072	G0072	Harlingen	Harlingen	VVD	Volkspartij voor Vrijheid en Democratie	VVD	VVD	1
GM0072	G0072	Harlingen	Harlingen	Wad'n Partij Harlingen	Wad'n Partij Harlingen	WAD	WAD'N PARTIJ Harlingen	1
GM0072	G0072	Harlingen	Harlingen	HOOP	HOOP	HOOP	HOOP	1
GM0072	G0072	Harlingen	Harlingen	D66	D66	D66	D66	1
GM0072	G0072	Harlingen	Harlingen	ChristenUnie	ChristenUnie	CU	ChristenUnie	1
GM0072	G0072	Harlingen	Harlingen	PvdA-GroenLinks	Partij van de Arbeid-GroenLinks	GLPVDA	GROENLINKS / Partij van de Arbeid (PvdA)	0.92
GM0098	G0098	Weststellingwerf	Weststellingwerf	VVD	Volkspartij voor Vrijheid en Democratie	VVD	VVD	1
GM0098	G0098	Weststellingwerf	Weststellingwerf	Weststellingwerfs Belang	Weststellingwerfs Belang	WESTBEL	Weststellingwerfs Belang	1
GM0098	G0098	Weststellingwerf	Weststellingwerf	GroenLinks/D66	GroenLinks/D66	GRO	GROENLINKS / D66	1
GM0098	G0098	Weststellingwerf	Weststellingwerf	CDA	Christen-Democratisch Appèl	CDA	CDA	1
GM0098	G0098	Weststellingwerf	Weststellingwerf	SDW/PvdA	Sociaal Duurzaam Weststellingerwerf/Partij van de Arbeid 	SDW	SDW / PvdA	1
GM0098	G0098	Weststellingwerf	Weststellingwerf	BBB	BoerBurgerBeweging	BBB	BBB	1
GM0098	G0098	Weststellingwerf	Weststellingwerf	FvD	Forum voor Democratie	FVD	Forum voor Democratie	1
GM0098	G0098	Weststellingwerf	Weststellingwerf	Hart voor Weststellingwerf	Hart voor Weststellingwerf	HARVOO	Hart voor Weststellingwerf	1
GM0098	G0098	Weststellingwerf	Weststellingwerf	Lokaal Rechts Weststellingwerf	Lokaal Rechts Weststellingwerf	LOKREC	Lokaal Rechts Weststellingwerf	1
GM0109	G0109	Coevorden	Coevorden	Pac	Progressief Akkoord Coevorden	PAC	PAC	1
GM0109	G0109	Coevorden	Coevorden	BBC2014	Belangen buitengebied Coevorden	BBC	Belangen Buitengebied Coevorden	1
GM0109	G0109	Coevorden	Coevorden	PvdA	Partij van de Arbeid	PVDA	Partij van de Arbeid (PvdA)	1
GM0109	G0109	Coevorden	Coevorden	VVD	Volkspartij voor Vrijheid en Democratie	VVD	VVD	1
GM0109	G0109	Coevorden	Coevorden	CDA	Christen-Democratisch Appèl	CDA	CDA	1
GM0114	G0114	Emmen	Emmen	Wakker Emmen	Wakker Emmen	WAKEM	Wakker Emmen	1
GM0114	G0114	Emmen	Emmen	PvdA	Partij  van de Arbeid	PVDA	Partij van de Arbeid (PvdA)	1
GM0114	G0114	Emmen	Emmen	CDA	Christen-Democratisch Appèl	CDA	CDA	1
GM0114	G0114	Emmen	Emmen	VVD	Volkspartij voor Vrijheid en Democratie	VVD	VVD	1
GM0114	G0114	Emmen	Emmen	SP	Socialistische Partij	SP	SP (Socialistische Partij)	1
GM0114	G0114	Emmen	Emmen	PVV	Partij voor de Vrijheid	PVV	PVV (Partij voor de Vrijheid)	1
GM0114	G0114	Emmen	Emmen	ChristenUnie	ChristenUnie	CU	ChristenUnie	1
GM0114	G0114	Emmen	Emmen	D66	D66	D66	D66	1
GM0114	G0114	Emmen	Emmen	GroenLinks	GroenLinks	GL	GROENLINKS	1
GM0114	G0114	Emmen	Emmen	Forum voor Democratie	Forum voor Democratie	FVD	Forum voor Democratie	1
GM0114	G0114	Emmen	Emmen	50PLUS	50PLUS	50PLUS	50PLUS	1
GM0114	G0114	Emmen	Emmen	Veilig Emmen	Veilig Emmen	VEIEMM	VEILIG EMMEN	1
GM0114	G0114	Emmen	Emmen	Hart voor Emmen	Hart voor Emmen	HARVOO	Hart voor Emmen	1
GM0118	G0118	Hoogeveen	Hoogeveen	CDA	Christen-Democratisch Appèl	CDA	CDA	1
GM0118	G0118	Hoogeveen	Hoogeveen	VVD	Volkspartij voor Vrijheid en Democratie	VVD	VVD	1
GM0118	G0118	Hoogeveen	Hoogeveen	ChristenUnie	ChristenUnie	CU	ChristenUnie	1
GM0118	G0118	Hoogeveen	Hoogeveen	SP	Socialistische Partij	SP	SP (Socialistische Partij)	1
GM0118	G0118	Hoogeveen	Hoogeveen	FvD	Forum voor Democratie	FVD	Forum voor Democratie	1
GM0118	G0118	Hoogeveen	Hoogeveen	D66	D66	D66	D66	1
GM0118	G0118	Hoogeveen	Hoogeveen	SGP	Staatkundig Gereformeerde Partij	SGP	Staatkundig Gereformeerde Partij (SGP)	1
GM0118	G0118	Hoogeveen	Hoogeveen	GroenLinks-PvdA	Groenlinks - Partij van de Arbeid	GLPVDA	GROENLINKS / Partij van de Arbeid (PvdA)	0.92
GM0118	G0118	Hoogeveen	Hoogeveen	Gemeentebelangen	Gemeentebelangen	GEMBEL	Gemeentebelangen Hoogeveen e.o.	0.88
GM0141	G0141	Almelo	Almelo	VVD	Volkspartij voor Vrijheid en Democratie	VVD	VVD	1
GM0141	G0141	Almelo	Almelo	LAS	Lokaal Almelo Samen	LAS	Lokaal Almelo Samen	1
GM0141	G0141	Almelo	Almelo	CDA	Christen-Democratisch Appèl	CDA	CDA	1
GM0141	G0141	Almelo	Almelo	D66	D66	D66	D66	1
GM0141	G0141	Almelo	Almelo	ChristenUnie	ChristenUnie	CU	ChristenUnie	1
GM0141	G0141	Almelo	Almelo	PVV	PVV	PVV	PVV (Partij voor de Vrijheid)	1
GM0141	G0141	Almelo	Almelo	SP	Socialistische Partij	SP	SP (Socialistische Partij)	1
GM0141	G0141	Almelo	Almelo	Almelo Centraal	Almelo Centraal	ALCE	Almelo Centraal	1
GM0141	G0141	Almelo	Almelo	FvD	Forum voor Democratie	FVD	Forum voor Democratie	1
GM0141	G0141	Almelo	Almelo	Leefbaar Almelo	Leefbaar Almelo	LEEFAL	Leefbaar Almelo	1
GM0141	G0141	Almelo	Almelo	Blanco (Middelkamp, M.H.)	Blanco (Middelkamp, M.H.)	BLANCOMI	Blanco (Middelkamp, M.H.)	1
GM0141	G0141	Almelo	Almelo	50PLUS	50PLUS	50PLUS	50PLUS	1
GM0141	G0141	Almelo	Almelo	Denk	Denk	DENK	DENK	1
GM0141	G0141	Almelo	Almelo	Volt	Volt	VOLT	Volt	1
GM0141	G0141	Almelo	Almelo	GroenLinks-PvdA	Groenlinks - Partij van de Arbeid	GLPVDA	GROENLINKS / Partij van de Arbeid (PvdA)	0.92
GM0141	G0141	Almelo	Almelo	Partij vrij Almelo	Partij vrij almelo	PVA	Partij Vrij Almelo (PVA)	0.88
GM0141	G0141	Almelo	Almelo	Democraten.Nu	Democraten.Nu	DEMANU	Democraten.Nu Almelo	0.88
GM0141	G0141	Almelo	Almelo	Lijst Çete	Lijst Çete	BLANCOCE	Blanco (Çete, U.)	0.88
GM0147	G0147	Borne	Borne	D66	Democratie 66	D66	D66	1
GM0147	G0147	Borne	Borne	VVD	Volkspartij voor Vrijheid en Democratie	VVD	VVD	1
GM0147	G0147	Borne	Borne	SP	Socialistische Partij	SP	SP (Socialistische Partij)	1
GM0147	G0147	Borne	Borne	GB90	Gemeentebelangen 1990	GB90	GB'90	1
GM0147	G0147	Borne	Borne	CDA	Christen Democratisch Appel	CDA	CDA	1
GM0147	G0147	Borne	Borne	GroenLinks/PvdA	GroenLinks/Partij van de Arbeid	GLPVDA	GROENLINKS / Partij van de Arbeid (PvdA)	0.92
GM0147	G0147	Borne	Borne	Borne-NU	Borne-NU	BORNU	BorneNu	0.875
GM0148	G0148	Dalfsen	Dalfsen	Gemeentebelangen	Gemeentebelangen Dalfsen	GEMBEL	Gemeentebelangen Dalfsen	1
GM0148	G0148	Dalfsen	Dalfsen	CDA	Christen-Democratisch Appèl	CDA	CDA	1
GM0148	G0148	Dalfsen	Dalfsen	ChristenUnie	ChristenUnie	CU	ChristenUnie	1
GM0148	G0148	Dalfsen	Dalfsen	D66	D66	D66	D66	1
GM0148	G0148	Dalfsen	Dalfsen	VVD	Volkspartij voor Vrijheid en Democratie	VVD	VVD	1
GM0148	G0148	Dalfsen	Dalfsen	Stand Organisatie	Stand Organisatie Dalfsen	STAORG	Stand Organisatie Dalfsen	1
GM0148	G0148	Dalfsen	Dalfsen	GroenLinks-PvdA	Groenlinks - Partij van de Arbeid	PVDA	Partij van de Arbeid (PvdA)	0.88
GM0150	G0150	Deventer	Deventer	Gemeentebelang	Gemeentebelang Deventer	GEMBEL	Gemeentebelang	1
GM0150	G0150	Deventer	Deventer	D66	D66	D66	D66	1
GM0150	G0150	Deventer	Deventer	VVD	Volkspartij voor Vrijheid en Democratie	VVD	VVD	1
GM0150	G0150	Deventer	Deventer	Deventer Belang	Deventer Belang	DEVBEL	Deventer Belang	1
GM0150	G0150	Deventer	Deventer	CDA	Christen-Democratisch Appèl	CDA	CDA	1
GM0150	G0150	Deventer	Deventer	SP	Socialistische Partij	SP	SP (Socialistische Partij)	1
GM0150	G0150	Deventer	Deventer	ChristenUnie	ChristenUnie	CU	ChristenUnie	1
GM0150	G0150	Deventer	Deventer	Denk	Denk	DENK	DENK	1
GM0150	G0150	Deventer	Deventer	Deventer Sociaal	Deventer Sociaal	DEVSOC	Deventer Sociaal	1
GM0150	G0150	Deventer	Deventer	SGP	Staatkundig Gereformeerde Partij-ChristenUnie	SGP	Staatkundig Gereformeerde Partij (SGP)	1
GM0150	G0150	Deventer	Deventer	PvdD	Partij voor de Dieren	PVDD	Partij voor de Dieren	1
GM0150	G0150	Deventer	Deventer	Volt	Volt	VOLT	Volt	1
GM0150	G0150	Deventer	Deventer	GroenLinks-PvdA	Groenlinks - Partij van de Arbeid	GLPVDA	GROENLINKS / Partij van de Arbeid (PvdA)	0.92
GM0153	G0153	Enschede	Enschede	VVD	Volkspartij voor Vrijheid en Democratie	VVD	VVD	1
GM0153	G0153	Enschede	Enschede	D66	D66	D66	D66	1
GM0153	G0153	Enschede	Enschede	CDA	Christen-Democratisch Appèl	CDA	CDA	1
GM0153	G0153	Enschede	Enschede	ChristenUnie	ChristenUnie	CU	ChristenUnie	1
GM0153	G0153	Enschede	Enschede	Volt	Volt	VOLT	Volt	1
GM0153	G0153	Enschede	Enschede	PVV	PVV	PVV	PVV (Partij voor de Vrijheid)	1
GM0153	G0153	Enschede	Enschede	SP	Socialistische Partij	SP	SP (Socialistische Partij)	1
GM0153	G0153	Enschede	Enschede	FvD	Forum voor Democratie	FVD	Forum voor Democratie	1
GM0153	G0153	Enschede	Enschede	PvdD	Partij voor de Dieren	PVDD	Partij voor de Dieren	1
GM0153	G0153	Enschede	Enschede	Partij voor Enschede	Partij voor Enschede	PARVENSC	Partij voor Enschede	1
GM0153	G0153	Enschede	Enschede	DENK	DENK	DENK	DENK	1
GM0153	G0153	Enschede	Enschede	Belang van Enschede	Belang van Enschede	BELVENSC	Belang van Enschede	1
GM0153	G0153	Enschede	Enschede	Partij voor de Rechtstaat	Partij voor de Rechtstaat	PVDR	Partij voor de Rechtsstaat	0.9615384615384616
GM0153	G0153	Enschede	Enschede	Blanco Lijst Ten Wolde	Blanco Lijst Ten Wolde	BLANCOTW	Blanco (ten Wolde, J.H.L.)	0.93
GM0153	G0153	Enschede	Enschede	GroenLinks-PvdA	Groenlinks - Partij van de Arbeid	GLPVDA	GROENLINKS / Partij van de Arbeid (PvdA)	0.92
GM0153	G0153	Enschede	Enschede	Burger Belangen Enschede	Burger Belangen Enschede	BBE	Burgerbelangen Enschede (BBE)	1
GM0153	G0153	Enschede	Enschede	Enschede Anders	Enschede Anders	ENSCHE	EnschedeAnders.nl	0.85
GM0158	G0158	Haaksbergen	Haaksbergen	CDA	Christen-Democratisch Appèl	CDA	CDA	1
GM0158	G0158	Haaksbergen	Haaksbergen	Nieuw Haaksbergen	Nieuw Haaksbergen	NIEUWHA	Nieuw Haaksbergen	1
GM0158	G0158	Haaksbergen	Haaksbergen	VVD	Volkspartij voor Vrijheid en Democratie	VVD	VVD	1
GM0158	G0158	Haaksbergen	Haaksbergen	D66	D66	D66	D66	1
GM0158	G0158	Haaksbergen	Haaksbergen	GroenLinks-PvdA	Groenlinks - Partij van de Arbeid	GLPVDA	GROENLINKS / Partij van de Arbeid (PvdA)	0.92
GM0158	G0158	Haaksbergen	Haaksbergen	TeamDAP	De actieve partij	DAP	Team DAP (Dé Actieve Partij Haaksbergen)	0.88
GM0160	G0160	Hardenberg	Hardenberg	CDA 	CDA	CDA	CDA	1
GM0160	G0160	Hardenberg	Hardenberg	OpKoers.Nu	OpKoers.Nu	OKNU	OpKoers.nu	1
GM0160	G0160	Hardenberg	Hardenberg	ChristenUnie	ChristenUnie	CU	ChristenUnie	1
GM0160	G0160	Hardenberg	Hardenberg	GROENLINKS / Partij van de Arbeid (PvdA)	GROENLINKS / Partij van de Arbeid (PvdA)	GLPVDA	GROENLINKS / Partij van de Arbeid (PvdA)	1
GM0160	G0160	Hardenberg	Hardenberg	VVD	VVD	VVD	VVD	1
GM0160	G0160	Hardenberg	Hardenberg	D66	D66	D66	D66	1
GM0160	G0160	Hardenberg	Hardenberg	Samen Gemeente Hardenberg (SGH)	Samen Gemeente Hardenberg (SGH)	SAMGEM	Samen Gemeente Hardenberg (SGH)	1
GM0160	G0160	Hardenberg	Hardenberg	DOEN'22	DOEN'22	DOEN	DOEN'22	1
GM0160	G0160	Hardenberg	Hardenberg	SGP	Staatkundig Gereformeerde Partij (SGP)	SGP	Staatkundig Gereformeerde Partij (SGP)	1
GM0160	G0160	Hardenberg	Hardenberg	PartijVrij29	Partij Vrij 29	PARVRI	Partij Vrij 29	1
GM0160	G0160	Hardenberg	Hardenberg	Forum voor Democratie	Forum voor Democratie	FVD	Forum voor Democratie	1
GM0164	G0164	Hengelo (O.)	Hengelo	VVD	Volkspartij voor Vrijheid en Democratie	VVD	VVD	1
GM0164	G0164	Hengelo (O.)	Hengelo	SP	Socialistische PArtij	SP	SP (Socialistische Partij)	1
GM0164	G0164	Hengelo (O.)	Hengelo	CDA 	Christen Democratisch Appel Hengelo	CDA	CDA	1
GM0164	G0164	Hengelo (O.)	Hengelo	D66	Democraten 66	D66	D66	1
GM0164	G0164	Hengelo (O.)	Hengelo	PVV	Partij voor de Vrijheid	PVV	PVV (Partij voor de Vrijheid)	1
GM0164	G0164	Hengelo (O.)	Hengelo	ChristenUnie	ChristenUnie	CU	ChristenUnie	1
GM0164	G0164	Hengelo (O.)	Hengelo	Forum voor Democratie	Forum voor Democratie	FVD	Forum voor Democratie	1
GM0164	G0164	Hengelo (O.)	Hengelo	VOLT	VOLT	VOLT	Volt	1
GM0164	G0164	Hengelo (O.)	Hengelo	BurgerBelangen	BurgerBelangen	BURBEL	Burger Belangen	0.9333333333333333
GM0164	G0164	Hengelo (O.)	Hengelo	GROENLINKS / PvdA	GroenLinks/PvdA	GLPVDA	GROENLINKS / Partij van de Arbeid (PvdA)	0.92
GM0164	G0164	Hengelo (O.)	Hengelo	ProHengelo	ProHengelo	PROH	Pro Hengelo	0.9090909090909091
GM0164	G0164	Hengelo (O.)	Hengelo	ANDERS! (voorheen Lokaal Hengelo)	ANDERS! (voorheen Lokaal Hengelo)	ANDERS	ANDERS!	0.88
GM0164	G0164	Hengelo (O.)	Hengelo	Hengelose Burgers	Hengelose Burgers	VPOR	Hengelose Burgers (VPOR)	0.88
GM0164	G0164	Hengelo (O.)	Hengelo	50 Plus	50 Plus	50PLUS	50PLUS	0.8571428571428572
GM0168	G0168	Losser	Losser	Burgerforum	Burgerforum	BURFORUM	BURGERFORUM	1
GM0168	G0168	Losser	Losser	CDA	Christen-Democratisch Appèl	CDA	CDA	1
GM0168	G0168	Losser	Losser	D66	D66	D66	D66	1
GM0168	G0168	Losser	Losser	PvdA	Partij van de Arbeid	PVDA	Partij van de Arbeid (PvdA)	1
GM0168	G0168	Losser	Losser	VVD	Volkspartij voor Vrijheid en Democratie	VVD	VVD	1
GM0168	G0168	Losser	Losser	GroenLinks	GroenLinks	GL	GROENLINKS	1
GM0171	G0171	Noordoostpolder	Noordoostpolder	Politieke Unie	Politieke Unie	PU	Politieke Unie	1
GM0171	G0171	Noordoostpolder	Noordoostpolder	ChristenUnie-SGP	ChristenUnie-SGP	CUSGP	ChristenUnie-SGP	1
GM0171	G0171	Noordoostpolder	Noordoostpolder	CDA	Christen-Democratisch Appèl	CDA	CDA	1
GM0171	G0171	Noordoostpolder	Noordoostpolder	ONS Noordoostpolder	ONS Noordoostpolder	ONS	ONS Noordoostpolder	1
GM0171	G0171	Noordoostpolder	Noordoostpolder	VVD	Volkspartij voor Vrijheid en Democratie	VVD	VVD	1
GM0171	G0171	Noordoostpolder	Noordoostpolder	FvD	Forum voor Democratie	FVD	Forum voor Democratie	1
GM0171	G0171	Noordoostpolder	Noordoostpolder	Brede Horizon	Brede Horizon	BREHOR	Brede Horizon	1
GM0171	G0171	Noordoostpolder	Noordoostpolder	GroenLinks-PvdA	Groenlinks - Partij van de Arbeid	GLPVDA	GROENLINKS / Partij van de Arbeid (PvdA)	0.92
GM0173	G0173	Oldenzaal	Oldenzaal	WG	Wij geven om Oldenzaal	WG	WG Oldenzaal	1
GM0173	G0173	Oldenzaal	Oldenzaal	CDA	Christen-Democratisch Appèl	CDA	CDA	1
GM0173	G0173	Oldenzaal	Oldenzaal	VVD	Volkspartij voor Vrijheid en Democratie	VVD	VVD	1
GM0173	G0173	Oldenzaal	Oldenzaal	SO	Solidair Oldenzaal	SO	Solidair Oldenzaal (SO)	1
GM0173	G0173	Oldenzaal	Oldenzaal	PvdA	Partij van de Arbeid	PVDA	Partij van de Arbeid (PvdA)	1
GM0173	G0173	Oldenzaal	Oldenzaal	GroenLinks	GroenLinks	GL	GROENLINKS	1
GM0173	G0173	Oldenzaal	Oldenzaal	D66 Oldenzaal	D66 Oldenzaal	D66	D66	0.94
GM0177	G0177	Raalte	Raalte	BurgerBelangen	BurgerBelangen Raalte	BURGBEL	BurgerBelangen	1
GM0177	G0177	Raalte	Raalte	CDA	CDA	CDA	CDA	1
GM0177	G0177	Raalte	Raalte	Gemeentebelangen	Gemeentebelangen	GEMBEL	Gemeentebelangen	1
GM0177	G0177	Raalte	Raalte	BBB	BBB	BBB	BBB	1
GM0177	G0177	Raalte	Raalte	VVD	De lokale VVD	VVD	VVD	1
GM0177	G0177	Raalte	Raalte	D66	D66	D66	D66	1
GM0177	G0177	Raalte	Raalte	GroenLinks-PvdA	GroenLinks-PvdA	GLPVDA	GROENLINKS / Partij van de Arbeid (PvdA)	0.92
GM0180	G0180	Staphorst	Staphorst	SGP	SGP	SGP	Staatkundig Gereformeerde Partij (SGP)	1
GM0180	G0180	Staphorst	Staphorst	ChristenUnie	ChristenUnie	CU	ChristenUnie	1
GM0180	G0180	Staphorst	Staphorst	CDA	CDA	CDA	CDA	1
GM0180	G0180	Staphorst	Staphorst	FvD	Forum voor Democratie	FVD	Forum voor Democratie	1
GM0180	G0180	Staphorst	Staphorst	PvdA-GroenLinks	PvdA-GroenLinks	GLPVDA	Partij van de Arbeid (PvdA) / GROENLINKS	0.92
GM0180	G0180	Staphorst	Staphorst	Gemeentebelangen	Gemeentebelangen	GEMBEL	Gemeentebelangen Staphorst	0.88
GM0183	G0183	Tubbergen	Tubbergen	CDA	Christen-Democratisch Appèl	CDA	CDA	1
GM0183	G0183	Tubbergen	Tubbergen	Gemeentebelangen/VVD	Gemeentebelangen/VVD	GEMVVD	Gemeentebelangen-VVD	1
GM0183	G0183	Tubbergen	Tubbergen	GroenLinks-PvdA	Groenlinks - Partij van de Arbeid	GLPVDA	GROENLINKS / Partij van de Arbeid (PvdA)	0.92
GM0183	G0183	Tubbergen	Tubbergen	Keerpunt 22	Keerpunt 22	KP22	Keerpunt22	0.9090909090909091
GM0184	G0184	Urk	Urk	SGP	Staatkundig Gereformeerde Partij	SGP	Staatkundig Gereformeerde Partij (SGP)	1
GM0184	G0184	Urk	Urk	Hart voor Urk	Hart voor Urk	HVURK	Hart voor Urk	1
GM0184	G0184	Urk	Urk	CDA	Christen-Democratisch Appèl	CDA	CDA	1
GM0184	G0184	Urk	Urk	ChristenUnie	ChristenUnie	CU	ChristenUnie	1
GM0184	G0184	Urk	Urk	Krachtig Urk	Krachtig Urk	KRURK	Krachtig Urk	1
GM0184	G0184	Urk	Urk	FvD	Forum voor Democratie	FVD	Forum voor Democratie	1
GM0184	G0184	Urk	Urk	Lijst 7 Blanco (Koffeman K. J.)	Lijst 7 Blanco (Koffeman K. J.)	BLANCO	Blanco (Koffeman, K.J.)	0.93
GM0184	G0184	Urk	Urk	Gemeentebelangen Urk	Gemeentebelangen Urk	GEMBEL	Gemeentebelangen	0.88
GM0189	G0189	Wierden	Wierden	Nieuw Enter Wierden	Nieuw Enter Wierden	NEW	Nieuw Enter Wierden	1
GM0189	G0189	Wierden	Wierden	CDA	Christen-Democratisch Appèl	CDA	CDA	1
GM0189	G0189	Wierden	Wierden	Progressief Wierden	Progressief Wierden	PW	Progressief Wierden	1
GM0189	G0189	Wierden	Wierden	ChristenUnie	ChristenUnie	CU	ChristenUnie	1
GM0189	G0189	Wierden	Wierden	VVD	Volkspartij voor Vrijheid en Democratie	VVD	VVD	1
GM0189	G0189	Wierden	Wierden	SGP	Staatkundig Gereformeerde Partij	SGP	Staatkundig Gereformeerde Partij (SGP)	1
GM0193	G0193	Zwolle	Zwolle	ChristenUnie	ChristenUnie	CU	ChristenUnie	1
GM0193	G0193	Zwolle	Zwolle	VVD	Volkspartij voor Vrijheid en Democratie	VVD	VVD	1
GM0193	G0193	Zwolle	Zwolle	D66	D66	D66	D66	1
GM0193	G0193	Zwolle	Zwolle	CDA	Christen-Democratisch Appèl	CDA	CDA	1
GM0193	G0193	Zwolle	Zwolle	Swollwacht	Swollwacht	SWOLLWAC	SWOLLWACHT	1
GM0193	G0193	Zwolle	Zwolle	SP	Socialistische Partij	SP	SP (Socialistische Partij)	1
GM0193	G0193	Zwolle	Zwolle	PvdD	Partij voor de Dieren	PVDD	Partij voor de Dieren	1
GM0193	G0193	Zwolle	Zwolle	Volt	Volt	VOLT	Volt	1
GM0193	G0193	Zwolle	Zwolle	Stadspartij Zwolle	Stadspartij Zwolle	STAZWO	Stadspartij Zwolle	1
GM0193	G0193	Zwolle	Zwolle	FvD	Forum voor Democratie	FVD	Forum voor Democratie	1
GM0193	G0193	Zwolle	Zwolle	LEF	LEF	LEF	LEF - Voor de Nieuwe Generatie	1
GM0193	G0193	Zwolle	Zwolle	GroenLinks-PvdA	GroenLinks - Partij van de Arbeid	GLPVDA	GROENLINKS / Partij van de Arbeid (PvdA)	0.92
GM0197	G0197	Aalten	Aalten	CDA	CDA Aalten Dinxperlo	CDA	CDA	1
GM0197	G0197	Aalten	Aalten	GemeenteBelangen	GemeenteBelangen Aalten	GEMBEL	GemeenteBelangen	1
GM0197	G0197	Aalten	Aalten	BBB-HMV	Boer Burger Bondgenoot HMV	BBBHMV	BBB - HMV	1
GM0197	G0197	Aalten	Aalten	VVD	VVD Aalten	VVD	VVD	1
GM0197	G0197	Aalten	Aalten	ChristenUnie	ChristenUnie Aalten	CU	ChristenUnie	1
GM0197	G0197	Aalten	Aalten	Progressieve Partij	Progressieve Partij Aalten	PP	Progressieve Partij-GroenLinks-PvdA	0.88
GM0200	G0200	Apeldoorn	Apeldoorn	VVD	Volkspartij voor Vrijheid en Democratie	VVD	VVD	1
GM0200	G0200	Apeldoorn	Apeldoorn	Lokaal Apeldoorn	Lokaal Apeldoorn	LOKAP	Lokaal Apeldoorn	1
GM0200	G0200	Apeldoorn	Apeldoorn	ChristenUnie	ChristenUnie	CU	ChristenUnie	1
GM0200	G0200	Apeldoorn	Apeldoorn	D66	D66	D66	D66	1
GM0200	G0200	Apeldoorn	Apeldoorn	CDA	Christen-Democratisch Appèl	CDA	CDA	1
GM0200	G0200	Apeldoorn	Apeldoorn	WijApeldoorn	WijApeldoorn	WA	WijApeldoorn	1
GM0200	G0200	Apeldoorn	Apeldoorn	Partij voor de dieren	Partij voor de dieren	PVDD	Partij voor de Dieren	1
GM0200	G0200	Apeldoorn	Apeldoorn	SGP	Staatkundig Gereformeerde Partij	SGP	Staatkundig Gereformeerde Partij (SGP)	1
GM0200	G0200	Apeldoorn	Apeldoorn	SP	Socialistische Partij	SP	SP (Socialistische Partij)	1
GM0200	G0200	Apeldoorn	Apeldoorn	FVD	Forum voor Democratie	FVD	Forum voor Democratie	1
GM0200	G0200	Apeldoorn	Apeldoorn	50PLUS	50PLUS	50PLUS	50PLUS	1
GM0200	G0200	Apeldoorn	Apeldoorn	NSC	Nieuw Sociaal Contract	NSC	Nieuw Sociaal Contract (NSC)	1
GM0200	G0200	Apeldoorn	Apeldoorn	BBB	BoerBurgerBeweging	BBB	BBB	1
GM0200	G0200	Apeldoorn	Apeldoorn	GroenLinks-PvdA	Groenlinks-Partij van de Arbeid	GLPVDA	GROENLINKS / Partij van de Arbeid (PvdA)	0.92
GM0200	G0200	Apeldoorn	Apeldoorn	BVA	Beter voor Apeldoorn	BVABET	BVA (Beter voor Apeldoorn)	0.88
GM0202	G0202	Arnhem	Arnhem	D66	D66	D66	D66	1
GM0202	G0202	Arnhem	Arnhem	VVD	Volkspartij voor Vrijheid en Democratie	VVD	VVD	1
GM0202	G0202	Arnhem	Arnhem	Arnhem Centraal	Arnhem Centraal	ARNC	Arnhem Centraal	1
GM0202	G0202	Arnhem	Arnhem	PvdD	Partij voor de Dieren	PVDD	Partij voor de Dieren	1
GM0202	G0202	Arnhem	Arnhem	SP	Socialistische Partij	SP	SP (Socialistische Partij)	1
GM0202	G0202	Arnhem	Arnhem	CDA	Christen-Democratisch Appèl	CDA	CDA	1
GM0202	G0202	Arnhem	Arnhem	Volt	Volt	VOLT	Volt	1
GM0202	G0202	Arnhem	Arnhem	Denk	Denk	DENK	DENK	1
GM0202	G0202	Arnhem	Arnhem	BurgerBelang Arnhem	BurgerBelang Arnhem	BURGBEL	BurgerBelang Arnhem	1
GM0202	G0202	Arnhem	Arnhem	ChristenUnie	ChristenUnie	CU	ChristenUnie	1
GM0202	G0202	Arnhem	Arnhem	FvD	Forum voor Democratie	FVD	Forum voor Democratie	1
GM0202	G0202	Arnhem	Arnhem	LEF	LEF Voor De Nieuwe Generatie	LEF	LEF – Voor de Nieuwe Generatie	1
GM0202	G0202	Arnhem	Arnhem	NVU	Nederlandse Volks-Unie	NVU	Nederlandse Volks-Unie	1
GM0202	G0202	Arnhem	Arnhem	GroenLinks-PvdA	Groenlinks - Partij van de Arbeid	GLPVDA	GROENLINKS / Partij van de Arbeid (PvdA)	0.92
GM0202	G0202	Arnhem	Arnhem	Piratenpartij Arnhem	Piratenpartij Arnhem	PIRATENP	Piratenpartij	0.88
GM0209	G0209	Beuningen	Beuningen	Beuningen Nu & Morgen	Beuningen Nu & Morgen	BNUM	Beuningen Nu & Morgen	1
GM0209	G0209	Beuningen	Beuningen	VVD	Volkspartij voor Vrijheid en Democratie	VVD	VVD	1
GM0209	G0209	Beuningen	Beuningen	CDA	Christen -Democratisch Appèl	CDA	CDA	1
GM0209	G0209	Beuningen	Beuningen	D66	D66 Beuningen	D66	D66	1
GM0209	G0209	Beuningen	Beuningen	SP	SP Beuningen	SP	SP (Socialistische Partij)	1
GM0209	G0209	Beuningen	Beuningen	VIER Beuningen	VIER Beuningen	VIEBEU	VIER Beuningen	1
GM0209	G0209	Beuningen	Beuningen	GL-PvdA	GL-PvdA	GLPVDA	GROENLINKS / Partij van de Arbeid (PvdA)	0.8571428571428572
GM0213	G0213	Brummen	Brummen	Lokaal Belang	Lokaal Belang	LB	Lokaal Belang	1
GM0213	G0213	Brummen	Brummen	VVD	Volkspartij voor Vrijheid en Democratie	VVD	VVD	1
GM0213	G0213	Brummen	Brummen	GroenLinks	Groenlinks	GL	GROENLINKS	1
GM0213	G0213	Brummen	Brummen	PvdA	Partij van de Arbeid	PVDA	Partij van de Arbeid (PvdA)	1
GM0213	G0213	Brummen	Brummen	D66	D66	D66	D66	1
GM0213	G0213	Brummen	Brummen	CDA	Christen-Democratisch Appèl	CDA	CDA	1
GM0214	G0214	Buren	Buren	PCG Buren	Protestants Christelijke Groepering	PCG	Protestants Christelijke Groepering	1
GM0214	G0214	Buren	Buren	VVD	Volkspartij voor Vrijheid en Democratie	VVD	VVD	1
GM0214	G0214	Buren	Buren	CDA	Christen-Democratisch Appèl	CDA	CDA	1
GM0214	G0214	Buren	Buren	D66	D66	D66	D66	1
GM0214	G0214	Buren	Buren	PvdD	Partij voor de Dieren	PVDD	Partij voor de Dieren	1
GM0214	G0214	Buren	Buren	BBB	BoerBurgerBeweging	BBB	BBB	1
GM0214	G0214	Buren	Buren	GroenLinks-PvdA	Groenlinks - Partij van de Arbeid	GLPVDA	GROENLINKS / Partij van de Arbeid (PvdA)	0.92
GM0214	G0214	Buren	Buren	Gemeentebelangen Buren	Gemeentebelangen Buren	GEMBEL	Gemeentebelangen	0.88
GM0216	G0216	Culemborg	Culemborg	Culemborg van Nu	Culemborg van Nu	CVN	Culemborg van Nu	1
GM0216	G0216	Culemborg	Culemborg	VVD	Volkspartij voor Vrijheid en Democratie	VVD	VVD	1
GM0216	G0216	Culemborg	Culemborg	D66	D66	D66	D66	1
GM0216	G0216	Culemborg	Culemborg	ChristenUnie	ChristenUnie	CU	ChristenUnie	1
GM0216	G0216	Culemborg	Culemborg	PvdD	Partij voor de Dieren	PVDD	Partij voor de Dieren	1
GM0216	G0216	Culemborg	Culemborg	CulemborgsBelang	CulemborgsBelang	CULBEL	CulemborgsBelang	1
GM0216	G0216	Culemborg	Culemborg	CDA	Christen-Democratisch Appèl	CDA	CDA	1
GM0216	G0216	Culemborg	Culemborg	SP	Socialistische Partij	SP	SP (Socialistische Partij)	1
GM0216	G0216	Culemborg	Culemborg	GroenLinks-PvdA	Groenlinks - Partij van de Arbeid	GLPVDA	GROENLINKS / Partij van de Arbeid (PvdA)	0.92
GM0221	G0221	Doesburg	Doesburg	Stadspartij Doesburg	Stadspartij Doesburg	SDBG	Stadspartij Doesburg	1
GM0221	G0221	Doesburg	Doesburg	SP	Socialistische Partij	SP	SP (Socialistische Partij)	1
GM0221	G0221	Doesburg	Doesburg	D66	D66	D66	D66	1
GM0221	G0221	Doesburg	Doesburg	VVD	Volkspartij voor Vrijheid en Democratie	VVD	VVD	1
GM0221	G0221	Doesburg	Doesburg	CDA	Christen-Democratisch Appèl	CDA	CDA	1
GM0221	G0221	Doesburg	Doesburg	GroenLinks-PvdA	Groenlinks - Partij van de Arbeid	GLPVDA	GROENLINKS / Partij van de Arbeid (PvdA)	0.92
GM0222	G0222	Doetinchem	Doetinchem	CDA	Christen-Democratisch Appèl	CDA	CDA	1
GM0222	G0222	Doetinchem	Doetinchem	VVD	Volkspartij voor Vrijheid en Democratie	VVD	VVD	1
GM0222	G0222	Doetinchem	Doetinchem	PvLM	Partij voor Lokaal Maatwerk	PVLM	Partij voor Lokaal Maatwerk (PvLM)	1
GM0222	G0222	Doetinchem	Doetinchem	GBD	GemeenteBelangen Doetinchem	GBD	GBD (GemeenteBelangen Doetinchem)	1
GM0222	G0222	Doetinchem	Doetinchem	D66	D66	D66	D66	1
GM0222	G0222	Doetinchem	Doetinchem	Lokaal Belang Doetinchem	Lokaal Belang Doetinchem	LOKBD	Lokaal Belang Doetinchem	1
GM0222	G0222	Doetinchem	Doetinchem	ChristenUnie-SGP	ChristenUnie-SGP	CUSGP	ChristenUnie-SGP	1
GM0222	G0222	Doetinchem	Doetinchem	FvD	Forum voor Democratie	FVD	Forum voor Democratie	1
GM0222	G0222	Doetinchem	Doetinchem	BBB 	BBB 	BBB	BBB	1
GM0222	G0222	Doetinchem	Doetinchem	Volt	Volt	VOLT	Volt	1
GM0222	G0222	Doetinchem	Doetinchem	GroenLinks-PvdA	Groenlinks - Partij van de Arbeid	GLPVDA	GROENLINKS / Partij van de Arbeid (PvdA)	0.92
GM0225	G0225	Druten	Druten	Kernachtig Druten	Kernachtig Druten	KERNDRU	Kernachtig Druten	1
GM0225	G0225	Druten	Druten	Dorpslijst PDZ	Dorpslijst Puiflijk Druten Zuid	PUIFDRUZ	Dorpslijst Puiflijk/Druten-Zuid	1
GM0225	G0225	Druten	Druten	Welzijn Druten	Welzijn Druten	WELDRU	Welzijn Druten	1
GM0225	G0225	Druten	Druten	Dorpslijst Horssen	Dorpslijst Horssen	HORSSEN	Dorpslijst Horssen	1
GM0225	G0225	Druten	Druten	Dorpslijst Afferden	Dorpslijst Afferden	DORPA	Dorpslijst Afferden	1
GM0225	G0225	Druten	Druten	GroenLinks-Pvda	GroenLinks-Partij van de Arbeid	GLPVDA	GROENLINKS / Partij van de Arbeid (PvdA)	0.92
GM0226	G0226	Duiven	Duiven	Lokaal Alternatief	Lokaal Alternatief	LOKALT	Lokaal Alternatief	1
GM0226	G0226	Duiven	Duiven	DOED	Gemeente Duiven, Open, Eerlijk, Democratisch	DOED	DOED	1
GM0226	G0226	Duiven	Duiven	CDA	Christen-Democratisch Appèl	CDA	CDA	1
GM0226	G0226	Duiven	Duiven	VVD	Volkspartij voor Vrijheid en Democratie	VVD	VVD	1
GM0226	G0226	Duiven	Duiven	Pro Duiven	Pro Duiven	PRODUI	Pro Duiven	1
GM0226	G0226	Duiven	Duiven	D66	D66	D66	D66	1
GM0226	G0226	Duiven	Duiven	BurgerBelangen	BurgerBelangen	BURBEL	Burger Belangen	0.9333333333333333
GM0226	G0226	Duiven	Duiven	GroenLinks-PvdA	Groenlinks - Partij van de Arbeid	GLPVDA	GROENLINKS / Partij van de Arbeid (PvdA)	0.92
GM0228	G0228	Ede	Ede	SGP	Staatkundig Gereformeerde Partij	SGP	Staatkundig Gereformeerde Partij (SGP)	1
GM0228	G0228	Ede	Ede	ChristenUnie	ChristenUnie	CU	ChristenUnie	1
GM0228	G0228	Ede	Ede	GemeenteBelangen Ede	GemeenteBelangen Ede	GEMBEL	GemeenteBelangen Ede	1
GM0228	G0228	Ede	Ede	D66	Democraten 66	D66	D66	1
GM0228	G0228	Ede	Ede	CDA	Christen-Democratisch Appel	CDA	CDA	1
GM0228	G0228	Ede	Ede	VVD	Volkspartij voor Vrijheid en Democratie	VVD	VVD	1
GM0228	G0228	Ede	Ede	Mens en Milieu Ede	Mens en Milieu Ede	MME	Mens en Milieu Ede	1
GM0228	G0228	Ede	Ede	Democratische Partij Ede	Democratische Partij Ede	DPE	Democratische Partij Ede	1
GM0228	G0228	Ede	Ede	FVD	Forum voor Democratie	FVD	Forum voor Democratie	1
GM0228	G0228	Ede	Ede	Belang van Nederland	BVNL	BVNL	Belang van Nederland (BVNL)	1
GM0228	G0228	Ede	Ede	Partij voor de Dieren	Partij voor de Dieren	PVDD	Partij voor de Dieren	1
GM0228	G0228	Ede	Ede	SP	Socialistische Partij	SP	SP (Socialistische Partij)	1
GM0228	G0228	Ede	Ede	BBB	BoerBurgerBeweging	BBB	BBB	1
GM0228	G0228	Ede	Ede	GL-PvdA	GroenLinks-Partij voor de Arbeid	GLPVDA	GROENLINKS / Partij van de Arbeid (PvdA)	0.92
GM0228	G0228	Ede	Ede	BurgerBelangenEde	BurgerBelangenEde	BURBEL	Burgerbelangen	0.88
GM0230	G0230	Elburg	Elburg	ChristenUnie	ChristenUnie	CU	ChristenUnie	1
GM0230	G0230	Elburg	Elburg	SGP	Staatkundig Gereformeerde Partij	SGP	Staatkundig Gereformeerde Partij (SGP)	1
GM0230	G0230	Elburg	Elburg	CDA	Christen-Democratisch Appèl	CDA	CDA	1
GM0230	G0230	Elburg	Elburg	GroenLinks-PvdA	Groenlinks - Partij van de Arbeid	GLPVDA	GROENLINKS / Partij van de Arbeid (PvdA)	0.92
GM0230	G0230	Elburg	Elburg	Algemeen Belang Elburg	Algemeen Belang Elburg	ALGBEL	Algemeen Belang	0.88
GM0230	G0230	Elburg	Elburg	Liberaal Elburgs Verbond	Liberaal Elburgs Verbond	LEV	Liberaal Elburgs Verbond (LEV)	0.88
GM0232	G0232	Epe	Epe	CDA	Christen-Democratisch Appèl	CDA	CDA	1
GM0232	G0232	Epe	Epe	Nieuwe Lijn	Nieuwe Lijn	NL	Nieuwe Lijn	1
GM0232	G0232	Epe	Epe	VVD	Volkspartij voor Vrijheid en Democratie	VVD	VVD	1
GM0232	G0232	Epe	Epe	SGP-ChristenUnie	Staatkundig Gereformeerde Partij-ChristenUnie	CUSGP	SGP-ChristenUnie	1
GM0232	G0232	Epe	Epe	D66	D66	D66	D66	1
GM0232	G0232	Epe	Epe	Gemeentebelangen Epe	Gemeentebelangen Epe	GEMBEL	Gemeentebelangen Epe	1
GM0232	G0232	Epe	Epe	FvD	Forum voor Democratie	FVD	Forum voor Democratie	1
GM0232	G0232	Epe	Epe	Hart voor Lokaal	Hart voor Lokaal	HARVOO	Hart voor Lokaal	1
GM0232	G0232	Epe	Epe	GroenLinks-PvdA	Groenlinks - Partij van de Arbeid	GLPVDA	GROENLINKS / Partij van de Arbeid (PvdA)	0.92
GM0233	G0233	Ermelo	Ermelo	CDA	Christen-Democratisch Appèl	CDA	CDA	1
GM0233	G0233	Ermelo	Ermelo	Een-Ermelo	Een-Ermelo	EENERM	één-Ermelo	1
GM0233	G0233	Ermelo	Ermelo	ChristenUnie	ChristenUnie	CU	ChristenUnie	1
GM0233	G0233	Ermelo	Ermelo	Progressief Ermelo	Progressief Ermelo	PROERM	Progressief Ermelo	1
GM0233	G0233	Ermelo	Ermelo	SGP	Staatkundig Gereformeerde Partij	SGP	Staatkundig Gereformeerde Partij (SGP)	1
GM0233	G0233	Ermelo	Ermelo	VVD	Volkspartij voor Vrijheid en Democratie	VVD	VVD	1
GM0233	G0233	Ermelo	Ermelo	HEE 22	heerlijk, eerlijk Ermelo	HEE22	Heerlijk, Eerlijk Ermelo 22 (HEE22)	0.88
GM0243	G0243	Harderwijk	Harderwijk	Harderwijk Anders	Harderwijk Anders	HWANDERS	Harderwijk Anders	1
GM0243	G0243	Harderwijk	Harderwijk	ChristenUnie	ChristenUnie	CU	ChristenUnie	1
GM0243	G0243	Harderwijk	Harderwijk	VVD	Volkspartij voor Vrijheid en Democratie	VVD	VVD	1
GM0243	G0243	Harderwijk	Harderwijk	CDA	Christen-Democratisch Appèl	CDA	CDA	1
GM0243	G0243	Harderwijk	Harderwijk	D66	D66	D66	D66	1
GM0243	G0243	Harderwijk	Harderwijk	GroenLinks-PvdA	Groenlinks - Partij van de Arbeid	GLPVDA	GROENLINKS / Partij van de Arbeid (PvdA)	0.92
GM0243	G0243	Harderwijk	Harderwijk	Gemeentebelang	Gemeentebelang	GEMBEL	GEMEENTEBELANG HARDERWIJK/HIERDEN	0.88
GM0244	G0244	Hattem	Hattem	HattemCentraal	HattemCentraal	HATTEMCE	HattemCentraal	1
GM0244	G0244	Hattem	Hattem	ChristenUnie	ChristenUnie	CU	ChristenUnie	1
GM0244	G0244	Hattem	Hattem	CDA	Christen-Democratisch Appèl	CDA	CDA	1
GM0244	G0244	Hattem	Hattem	VVD	Volkspartij voor Vrijheid en Democratie	VVD	VVD	1
GM0244	G0244	Hattem	Hattem	D66	D66	D66	D66	1
GM0244	G0244	Hattem	Hattem	GroenLinks-PvdA	Groenlinks - Partij van de Arbeid	GLPVDA	GROENLINKS / Partij van de Arbeid (PvdA)	0.92
GM0244	G0244	Hattem	Hattem	Algemeen Belang Hattem	Algemeen Belang Hattem	ALGBEL	Algemeen Belang	0.88
GM0246	G0246	Heerde	Heerde	ChristenUnie-SGP	ChristenUnie-SGP	CUSGP	ChristenUnie-SGP	1
GM0246	G0246	Heerde	Heerde	VVD	Volkspartij voor Vrijheid en Democratie	VVD	VVD	1
GM0246	G0246	Heerde	Heerde	Dorpspartij CDA Heerde	Dorpspartij CDA Heerde	CDA	CDA	0.94
GM0246	G0246	Heerde	Heerde	D66 voor Heerde	D66 voor Heerde	D66	D66	0.94
GM0246	G0246	Heerde	Heerde	GroenLinks-PvdA	Groenlinks - Partij van de Arbeid	GLPVDA	GROENLINKS / Partij van de Arbeid (PvdA)	0.92
GM0246	G0246	Heerde	Heerde	Gemeentebelang Boerenpartij	Gemeentebelang Boerenpartij	GEMBEL	Gemeentebelang-Boeren Partij (GBP)	0.88
GM0252	G0252	Heumen	Heumen	DGH Heumen	Democraten Gemeente Heumen	DGH	Democraten Gemeente Heumen	1
GM0252	G0252	Heumen	Heumen	VVD	Volkspartij voor Vrijheid en Democratie	VVD	VVD	1
GM0252	G0252	Heumen	Heumen	CDA	Christen-Democratisch Appèl	CDA	CDA	1
GM0252	G0252	Heumen	Heumen	D66	D66	D66	D66	1
GM0252	G0252	Heumen	Heumen	De Kiezersclub	De Kiezersclub	KIEZERS	De Kiezersclub	1
GM0252	G0252	Heumen	Heumen	GroenLinks-PvdA	Groenlinks - Partij van de Arbeid	GLPVDA	GROENLINKS / Partij van de Arbeid (PvdA)	0.92
GM0262	G0262	Lochem	Lochem	Gemeentebelangen	Gemeentebelangen Lochem	GEMBEL	Gemeentebelangen	1
GM0262	G0262	Lochem	Lochem	VVD	Volkspartij voor Vrijheid en Democratie	VVD	VVD	1
GM0262	G0262	Lochem	Lochem	MmL	Meedenken met Lochem	MML	Meedenken met Lochem (MmL)	1
GM0262	G0262	Lochem	Lochem	LochemGroen!	https://lochemgroen.nl/	LOCGRN	LochemGroen!	1
GM0262	G0262	Lochem	Lochem	D66	D66	D66	D66	1
GM0262	G0262	Lochem	Lochem	CDA	Christen-Democratisch Appèl	CDA	CDA	1
GM0262	G0262	Lochem	Lochem	GroenLinks-PvdA	Groenlinks - Partij van de Arbeid	GLPVDA	GROENLINKS / Partij van de Arbeid (PvdA)	0.92
GM0262	G0262	Lochem	Lochem	Democratische Partij Lochem	Democratische Partij Lochem	DEMPAR	Democratische Partij Lochem (DPL)	0.88
GM0263	G0263	Maasdriel	Maasdriel	CDA	Christen-Democratisch Appèl	CDA	CDA	1
GM0263	G0263	Maasdriel	Maasdriel	VVD	Volkspartij voor Vrijheid en Democratie	VVD	VVD	1
GM0263	G0263	Maasdriel	Maasdriel	D66	D66	D66	D66	1
GM0263	G0263	Maasdriel	Maasdriel	SGP	Staatkundig Gereformeerde Partij	SGP	Staatkundig Gereformeerde Partij (SGP)	1
GM0263	G0263	Maasdriel	Maasdriel	Hart voor Maasdriel	Hart voor Maasdriel	HARVOO	Hart voor Maasdriel	1
GM0263	G0263	Maasdriel	Maasdriel	SSM	Samen Sterk Maasdriek	SAMENSTK	Samen Sterk Maasdriel	0.9523809523809523
GM0263	G0263	Maasdriel	Maasdriel	GroenLinks-PvdA	Groenlinks - Partij van de Arbeid	GLPVDA	GROENLINKS / Partij van de Arbeid (PvdA)	0.92
GM0267	G0267	Nijkerk	Nijkerk	CDA	CDA	CDA	CDA	1
GM0267	G0267	Nijkerk	Nijkerk	ChristenUnie-SGP	ChristenUnie-SGP	CUSGP	ChristenUnie-SGP	1
GM0267	G0267	Nijkerk	Nijkerk	De Lokale Partij	De Lokale Partij	LOK	De Lokale Partij	1
GM0267	G0267	Nijkerk	Nijkerk	VVD	VVD	VVD	VVD	1
GM0267	G0267	Nijkerk	Nijkerk	Voor Ons	Voor Ons	VOOONS	Voor Ons	1
GM0267	G0267	Nijkerk	Nijkerk	Forum voor Democratie	Forum voor Democratie	FVD	Forum voor Democratie	1
GM0267	G0267	Nijkerk	Nijkerk	PRO21	PRO21	PROG21	PRO21 (D66, GroenLinks-PvdA)	0.88
GM0268	G0268	Nijmegen	Nijmegen	GroenLinks Nijmegen	Groenlinks	GL	GROENLINKS	1
GM0268	G0268	Nijmegen	Nijmegen	Stadspartij Nijmegen	Stadspartij Nijmegen	SPNIJ	Stadspartij Nijmegen	1
GM0268	G0268	Nijmegen	Nijmegen	D66	D66	D66	D66	1
GM0268	G0268	Nijmegen	Nijmegen	PvdD	Partij voor de Dieren	PVDD	Partij voor de Dieren	1
GM0268	G0268	Nijmegen	Nijmegen	SP	Socialistische Partij	SP	SP (Socialistische Partij)	1
GM0268	G0268	Nijmegen	Nijmegen	VVD	Volkspartij voor Vrijheid en Democratie	VVD	VVD	1
GM0268	G0268	Nijmegen	Nijmegen	CDA	Christen-Democratisch Appèl	CDA	CDA	1
GM0268	G0268	Nijmegen	Nijmegen	1Nijmegen	1Nijmegen	NIJMEGEN	1Nijmegen	1
GM0268	G0268	Nijmegen	Nijmegen	FvD	Forum voor Democratie	FVD	Forum voor Democratie	1
GM0268	G0268	Nijmegen	Nijmegen	Volt	Volt	VOLT	Volt	1
GM0268	G0268	Nijmegen	Nijmegen	Revolutionair Socialistische Partij	Revolutionair Socialistische Partij	REVSOC	Revolutionair Socialistische Partij	1
GM0268	G0268	Nijmegen	Nijmegen	PvdA Nijmegen	Partij van de Arbeid	PVDA	Partij van de Arbeid (PvdA)	0.94
GM0268	G0268	Nijmegen	Nijmegen	Piratenpartij Nijmegen	Piratenpartij Nijmegen	PIRATEN	Piratenpartij	0.88
GM0269	G0269	Oldebroek	Oldebroek	ChristenUnie	ChristenUnie	CU	ChristenUnie	1
GM0269	G0269	Oldebroek	Oldebroek	ABO	Algemeen Belang Oldebroek	ABO	Algemeen Belang Oldebroek (A.B.O.)	1
GM0269	G0269	Oldebroek	Oldebroek	CDA	Christen-Democratisch Appèl	CDA	CDA	1
GM0269	G0269	Oldebroek	Oldebroek	SGP	Staatkundig Gereformeerde Partij	SGP	Staatkundig Gereformeerde Partij (SGP)	1
GM0269	G0269	Oldebroek	Oldebroek	Sociaal & Duurzaam Oldebroek	Sociaal & Duurzaam Oldebroek	DUOL	Sociaal & Duurzaam Oldebroek	1
GM0269	G0269	Oldebroek	Oldebroek	VVD	Volkspartij voor Vrijheid en Democratie	VVD	VVD	1
GM0269	G0269	Oldebroek	Oldebroek	CVO	Christelijk Verbond Oldebroek	CVO	CVO	1
GM0273	G0273	Putten	Putten	Wij Putten	Wij Putten	WIJP	Wij Putten	1
GM0273	G0273	Putten	Putten	Gemeentebelangen	Gemeentebelangen Putten	GEMBEL	Gemeentebelangen Putten	1
GM0273	G0273	Putten	Putten	ChristenUnie	ChristenUnie	CU	ChristenUnie	1
GM0273	G0273	Putten	Putten	SGP	Staatkundig Gereformeerde Partij	SGP	Staatkundig Gereformeerde Partij (SGP)	1
GM0273	G0273	Putten	Putten	CDA	Christen-Democratisch Appèl	CDA	CDA	1
GM0273	G0273	Putten	Putten	VVD	Volkspartij voor Vrijheid en Democratie	VVD	VVD	1
GM0273	G0273	Putten	Putten	Groenlinks-PvdA	Groenlinks-PvdA	GLPVDA	GROENLINKS / Partij van de Arbeid (PvdA)	0.92
GM0274	G0274	Renkum	Renkum	VVD	Volkspartij voor Vrijheid en Democratie	VVD	VVD	1
GM0274	G0274	Renkum	Renkum	D66	D66	D66	D66	1
GM0274	G0274	Renkum	Renkum	CDA	Christen-Democratisch Appèl	CDA	CDA	1
GM0274	G0274	Renkum	Renkum	SP	Socialistische Partij	SP	SP (Socialistische Partij)	1
GM0274	G0274	Renkum	Renkum	Leefbaar Renkum	Leefbaar Renkum	LEEREN	Leefbaar Renkum	1
GM0274	G0274	Renkum	Renkum	GroenLinks-PvdA	Groenlinks - Partij van de Arbeid	GLPVDA	GROENLINKS / Partij van de Arbeid (PvdA)	0.92
GM0274	G0274	Renkum	Renkum	Gemeentebelangen Renkum	Gemeentebelangen Renkum	GEMBEL	GB! Lokaal op 1	0.88
GM0274	G0274	Renkum	Renkum	Partij Renkumse Dorpen	Partij Renkumse Dorpen	PARREN	Partij Renkumse Dorpen (PRD)	0.88
GM0275	G0275	Rheden	Rheden	D66	D66	D66	D66	1
GM0275	G0275	Rheden	Rheden	VVD	Volkspartij voor Vrijheid en Democratie	VVD	VVD	1
GM0275	G0275	Rheden	Rheden	CDA	Christen-Democratisch Appèl	CDA	CDA	1
GM0275	G0275	Rheden	Rheden	Volkspartij Politiek Rheden	Volkspartij Politiek Rheden	VPR	Volkspartij Politiek Rheden	1
GM0275	G0275	Rheden	Rheden	ChristenUnie	ChristenUnie	CU	ChristenUnie	1
GM0275	G0275	Rheden	Rheden	50Plus	50Plus	50PLUS	50PLUS	1
GM0275	G0275	Rheden	Rheden	PvdD	Partij voor de Dieren	PVDD	Partij voor de Dieren	1
GM0275	G0275	Rheden	Rheden	Volt	Volt	VOLT	Volt	1
GM0275	G0275	Rheden	Rheden	GroenLinks-PvdA	Groenlinks - Partij van de Arbeid	GLPVDA	GROENLINKS / Partij van de Arbeid (PvdA)	0.92
GM0275	G0275	Rheden	Rheden	GPR Burgerbelangen	Groep Pieper Rook Burgerbelangen	GPRB	Burgerbelangen	0.88
GM0279	G0279	Scherpenzeel	Scherpenzeel	SGP	Staatkundig Gereformeerde Partij	SGP	Staatkundig Gereformeerde Partij (SGP)	1
GM0279	G0279	Scherpenzeel	Scherpenzeel	CDA	Christen-Democratisch Appèl	CDA	CDA	1
GM0279	G0279	Scherpenzeel	Scherpenzeel	VVD	Volkspartij voor Vrijheid en Democratie	VVD	VVD	1
GM0279	G0279	Scherpenzeel	Scherpenzeel	PRO Scherpenzeel	PRO Scherpenzeel	PROS	PRO Scherpenzeel	1
GM0279	G0279	Scherpenzeel	Scherpenzeel	ChristenUnie	ChristenUnie	CU	ChristenUnie	1
GM0279	G0279	Scherpenzeel	Scherpenzeel	Forum voor Democratie	Forum voor Democratie	FVD	Forum voor Democratie	1
GM0279	G0279	Scherpenzeel	Scherpenzeel	GemeenteBelangen Scherpenzeel	GemeenteBelangen Scherpenzeel	GBS	GemeenteBelangen Scherpenzeel (GBS)	0.88
GM0281	G0281	Tiel	Tiel	D66	D66	D66	D66	1
GM0281	G0281	Tiel	Tiel	VVD	Volkspartij voor Vrijheid en Democratie	VVD	VVD	1
GM0281	G0281	Tiel	Tiel	CDA	Christen-Democratisch Appèl	CDA	CDA	1
GM0281	G0281	Tiel	Tiel	FvD	Forum voor Democratie	FVD	Forum voor Democratie	1
GM0281	G0281	Tiel	Tiel	ELLECT	ELLECT	ELLECT	ELLECT	1
GM0281	G0281	Tiel	Tiel	ChristenUnie	ChristenUnie	CU	ChristenUnie	1
GM0281	G0281	Tiel	Tiel	GroenLinks-PvdA	Groenlinks - Partij van de Arbeid	GLPVDA	GROENLINKS / Partij van de Arbeid (PvdA)	0.92
GM0281	G0281	Tiel	Tiel	PvdB	Partij van de Burgers	PVB	Partij Van De Burgers (PVDB)	0.88
GM0285	G0285	Voorst	Voorst	Gemeente Belangen	Gemeente Belangen Voorst	GEMBEL	Gemeente Belangen	1
GM0285	G0285	Voorst	Voorst	CDA	Christen-Democratisch Appèl	CDA	CDA	1
GM0285	G0285	Voorst	Voorst	D66	D66	D66	D66	1
GM0285	G0285	Voorst	Voorst	SGP	Staatkundig Gereformeerde Partij	SGP	Staatkundig Gereformeerde Partij (SGP)	1
GM0285	G0285	Voorst	Voorst	VoortvArend Voorst	VoortvArend Voorst	VOOVOO	VoortvArend Voorst	1
GM0285	G0285	Voorst	Voorst	Lokaal Liberaal	Lokaal Liberaal	LOKLIB	Lokaal Liberaal	1
GM0285	G0285	Voorst	Voorst	VVD Voorst	Volkspartij voor Vrijheid en Democratie Voorst	VVD	VVD	0.94
GM0285	G0285	Voorst	Voorst	GroenLinks-PvdA	Groenlinks - Partij van de Arbeid	GLPVDA	GROENLINKS / Partij van de Arbeid (PvdA)	0.92
GM0289	G0289	Wageningen	Wageningen	Stadspartij	Stadspartij Wageningen	STADWA	Stadspartij Wageningen	1
GM0289	G0289	Wageningen	Wageningen	D66	D66	D66	D66	1
GM0289	G0289	Wageningen	Wageningen	VVD	Volkspartij voor Vrijheid en Democratie	VVD	VVD	1
GM0289	G0289	Wageningen	Wageningen	ChristenUnie	ChristenUnie	CU	ChristenUnie	1
GM0289	G0289	Wageningen	Wageningen	CDA	Christen-Democratisch Appèl	CDA	CDA	1
GM0289	G0289	Wageningen	Wageningen	PvdD	Partij voor de Dieren	PVDD	Partij voor de Dieren	1
GM0289	G0289	Wageningen	Wageningen	GroenLinks-PvdA	Groenlinks - Partij van de Arbeid	GLPVDA	GROENLINKS / Partij van de Arbeid (PvdA)	0.92
GM0289	G0289	Wageningen	Wageningen	Connect-Volt Wageningen	Connect-Volt Wageningen	CW	Connect-Volt	0.88
GM0293	G0293	Westervoort	Westervoort	CDA	Christen-Democratisch Appèl	CDA	CDA	1
GM0293	G0293	Westervoort	Westervoort	VVD	Volkspartij voor Vrijheid en Democratie	VVD	VVD	1
GM0293	G0293	Westervoort	Westervoort	D66	D66	D66	D66	1
GM0293	G0293	Westervoort	Westervoort	Wij Westervoort	Wij Westervoort	WIJWES	Wij Westervoort	1
GM0293	G0293	Westervoort	Westervoort	GroenLinks-PvdA	Groenlinks - Partij van de Arbeid	GLPVDA	GROENLINKS / Partij van de Arbeid (PvdA)	0.92
GM0294	G0294	Winterswijk	Winterswijk	SAMEN Winterswijk	Samen Winterswijk	SAMWIN	SAMEN Winterswijk	1
GM0294	G0294	Winterswijk	Winterswijk	Voor Winterswijk	Voor Winterswijk	VWW	Voor Winterswijk	1
GM0294	G0294	Winterswijk	Winterswijk	CDA	Christen Democratisch Appel	CDA	CDA	1
GM0294	G0294	Winterswijk	Winterswijk	D66	Democraten 66	D66	D66	1
GM0294	G0294	Winterswijk	Winterswijk	PvdA	Partij van de Arbeid	PVDA	Partij van de Arbeid (PvdA)	1
GM0294	G0294	Winterswijk	Winterswijk	VVD	Volkspartij voor Vrijheid en Democratie	VVD	VVD	1
GM0294	G0294	Winterswijk	Winterswijk	ORDA / ORP	Oranje Republikeinse Partij Democratische Alliantie / Oranje Republikeinse Piraten	ORDAORP	ORDA/ORP	1
GM0294	G0294	Winterswijk	Winterswijk	Daadkracht.nu	Daadkracht.nu	DAADKRAC	Daadkracht.nu	1
GM0294	G0294	Winterswijk	Winterswijk	Lijst 8	Lijst 8	LIJST8	Lijst 8 Winterswijk	0.88
GM0296	G0296	Wijchen	Wijchen	Kernachtig Wijchen	Kernachtig Wijchen	KW	Kernachtig Wijchen	1
GM0296	G0296	Wijchen	Wijchen	CDA	Christen-Democratisch Appèl	CDA	CDA	1
GM0296	G0296	Wijchen	Wijchen	VVD	Volkspartij voor Vrijheid en Democratie	VVD	VVD	1
GM0296	G0296	Wijchen	Wijchen	D66	D66	D66	D66	1
GM0296	G0296	Wijchen	Wijchen	Hart voor Wijchen	Hart voor Wijchen	HARVOO	Hart voor Wijchen	1
GM0296	G0296	Wijchen	Wijchen	Emilia	Emilia	EMILIA	Emilia	1
GM0296	G0296	Wijchen	Wijchen	GroenLinks-PvdA	Groenlinks - Partij van de Arbeid	GLPVDA	GROENLINKS / Partij van de Arbeid (PvdA)	0.92
GM0297	G0297	Zaltbommel	Zaltbommel	ZVV	Zaltbommel Veranderen met Visie	ZVV	Z.V.V.	1
GM0297	G0297	Zaltbommel	Zaltbommel	SGP	Staatkundig Gereformeerde Partij	SGP	Staatkundig Gereformeerde Partij (SGP)	1
GM0297	G0297	Zaltbommel	Zaltbommel	VVD	Volkspartij voor Vrijheid en Democratie	VVD	VVD	1
GM0297	G0297	Zaltbommel	Zaltbommel	ChristenUnie	ChristenUnie	CU	ChristenUnie	1
GM0297	G0297	Zaltbommel	Zaltbommel	D66	D66	D66	D66	1
GM0297	G0297	Zaltbommel	Zaltbommel	CDA	Christen-Democratisch Appèl	CDA	CDA	1
GM0297	G0297	Zaltbommel	Zaltbommel	BVNL	BVNL Belang van Nederland	BVNL	Belang van Nederland (BVNL)	1
GM0297	G0297	Zaltbommel	Zaltbommel	GroenLinks-PvdA	GroenLinks - Partij van de Arbeid	GLPVDA	GROENLINKS / Partij van de Arbeid (PvdA)	0.92
GM0299	G0299	Zevenaar	Zevenaar	Lokaal Belang	Lokaal Belang Zevenaar	LOKBEL	Lokaal Belang	1
GM0299	G0299	Zevenaar	Zevenaar	CDA	Christen-Democratisch Appèl	CDA	CDA	1
GM0299	G0299	Zevenaar	Zevenaar	PvdA	Partij van de Arbeid	PVDA	Partij van de Arbeid (PvdA)	1
GM0299	G0299	Zevenaar	Zevenaar	VVD	Volkspartij voor Vrijheid en Democratie	VVD	VVD	1
GM0299	G0299	Zevenaar	Zevenaar	D66	D66	D66	D66	1
GM0299	G0299	Zevenaar	Zevenaar	GroenLinks	GroenLinks	GL	GROENLINKS	1
GM0299	G0299	Zevenaar	Zevenaar	Sociaal Zevenaar	Sociaal Zevenaar	SZEV	Sociaal Zevenaar	1
GM0299	G0299	Zevenaar	Zevenaar	FvD	Forum voor Democratie	FVD	Forum voor Democratie	1
GM0299	G0299	Zevenaar	Zevenaar	WijZZ	Wij Zijn Zevenaar	WIJZZ	WijZZ	1
GM0299	G0299	Zevenaar	Zevenaar	Lijst 10 Blanco (Spectrum)	Lijst 10 Blanco (Spectrum)	BLANCO	Blanco (van der Velden, L.)	0.93
GM0301	G0301	Zutphen	Zutphen	GROENLINKS / Partij van de Arbeid (PvdA)	GROENLINKS / Partij van de Arbeid (PvdA)	GLPVDA	GROENLINKS / Partij van de Arbeid (PvdA)	1
GM0301	G0301	Zutphen	Zutphen	Burgerbelang	Burgerbelang	BURGBEL	Burgerbelang	1
GM0301	G0301	Zutphen	Zutphen	D66	D66	D66	D66	1
GM0301	G0301	Zutphen	Zutphen	VVD	VVD	VVD	VVD	1
GM0301	G0301	Zutphen	Zutphen	SP (Socialistische Partij)	SP (Socialistische Partij)	SP	SP (Socialistische Partij)	1
GM0301	G0301	Zutphen	Zutphen	Partij voor de Dieren	Partij voor de Dieren	PVDD	Partij voor de Dieren	1
GM0301	G0301	Zutphen	Zutphen	KIES BEWUST LOKAAL	Kies Bewust Lokaal	KIESLOK	Kies Bewust Lokaal	1
GM0301	G0301	Zutphen	Zutphen	STADSPARTIJ Zutphen Warnsveld	STADSPARTIJ Zutphen Warnsveld	SPZ	STADSPARTIJ Zutphen Warnsveld	1
GM0301	G0301	Zutphen	Zutphen	CDA	CDA	CDA	CDA	1
GM0301	G0301	Zutphen	Zutphen	ChristenUnie	ChristenUnie	CU	ChristenUnie	1
GM0301	G0301	Zutphen	Zutphen	Forum voor Democratie	Forum voor Democratie	FVD	Forum voor Democratie	1
GM0301	G0301	Zutphen	Zutphen	HOI Zutphen	HOI Zutphen	HOIZUT	Hoi Zutphen	1
GM0301	G0301	Zutphen	Zutphen	LEF - Voor de Nieuwe Generatie	LEF - Voor de Nieuwe Generatie	LEFVOO	LEF- Voor de Nieuwe Generatie	1
GM0302	G0302	Nunspeet	Nunspeet	Gemeentebelang	Gemeentebelang	GEMBEL	Gemeentebelang	1
GM0302	G0302	Nunspeet	Nunspeet	SGP	Staatkundig Gereformeerde Partij	SGP	Staatkundig Gereformeerde Partij (SGP)	1
GM0302	G0302	Nunspeet	Nunspeet	ChristenUnie	ChristenUnie	CU	ChristenUnie	1
GM0302	G0302	Nunspeet	Nunspeet	CDA	Christen-Democratisch Appèl	CDA	CDA	1
GM0302	G0302	Nunspeet	Nunspeet	Lux21	Lux21	LUX	Lux21	1
GM0302	G0302	Nunspeet	Nunspeet	VVD	Volkspartij voor Vrijheid en Democratie	VVD	VVD	1
GM0302	G0302	Nunspeet	Nunspeet	PvdA-GroenLinks	PvdA-GroenLinks	GLPVDA	GROENLINKS / Partij van de Arbeid (PvdA)	0.92
GM0303	G0303	Dronten	Dronten	CDA	Christen-Democratisch Appèl	CDA	CDA	1
GM0303	G0303	Dronten	Dronten	Leefbaar Dronten	Leefbaar Dronten	LDR	Leefbaar Dronten	1
GM0303	G0303	Dronten	Dronten	VVD	Volkspartij voor Vrijheid en Democratie	VVD	VVD	1
GM0303	G0303	Dronten	Dronten	ChristenUnie	ChristenUnie	CU	ChristenUnie	1
GM0303	G0303	Dronten	Dronten	D66	D66	D66	D66	1
GM0303	G0303	Dronten	Dronten	Dronten Sociaal	Dronten Sociaal	DROSOC	Dronten Sociaal	1
GM0303	G0303	Dronten	Dronten	GroenLinks-PvdA	Groenlinks - Partij van de Arbeid	GLPVDA	GROENLINKS / Partij van de Arbeid (PvdA)	0.92
GM0307	G0307	Amersfoort	Amersfoort	D66	D66	D66	D66	1
GM0307	G0307	Amersfoort	Amersfoort	CDA	Christen-Democratisch Appèl	CDA	CDA	1
GM0307	G0307	Amersfoort	Amersfoort	ChristenUnie	ChristenUnie	CU	ChristenUnie	1
GM0307	G0307	Amersfoort	Amersfoort	VVD	Volkspartij voor Vrijheid en Democratie	VVD	VVD	1
GM0307	G0307	Amersfoort	Amersfoort	Denk	Denk	DENK	DENK	1
GM0307	G0307	Amersfoort	Amersfoort	PvdD	Partij voor de Dieren	PVDD	Partij voor de Dieren	1
GM0307	G0307	Amersfoort	Amersfoort	SP	Socialistische Partij	SP	SP (Socialistische Partij)	1
GM0307	G0307	Amersfoort	Amersfoort	Beter Amersfoort	Beter Amersfoort	BETERA	Beter Amersfoort	1
GM0307	G0307	Amersfoort	Amersfoort	Amersfoort voor Vrijheid	Amersfoort voor Vrijheid	AMFVVRIJ	Amersfoort voor Vrijheid	1
GM0307	G0307	Amersfoort	Amersfoort	BBB	BoerBurgerBeweging	BBB	BBB	1
GM0307	G0307	Amersfoort	Amersfoort	ECHT Amersfoort	ECHT Amersfoort	ECHTAMF	ECHT Amersfoort	1
GM0307	G0307	Amersfoort	Amersfoort	FvD	Forum voor Democratie	FVD	Forum voor Democratie	1
GM0307	G0307	Amersfoort	Amersfoort	KeiHart voor Amersfoort	KeiHart voor Amersfoort	KEIVOO	KeiHart voor Amersfoort	1
GM0307	G0307	Amersfoort	Amersfoort	NSC	Nieuw Sociaal Contract	NSC	Nieuw Sociaal Contract (NSC)	1
GM0307	G0307	Amersfoort	Amersfoort	Volt	Volt	VOLT	Volt	1
GM0307	G0307	Amersfoort	Amersfoort	Amersfoort 2014	Amersfoort 2014	AM2014	Amersfoort2014	0.9333333333333333
GM0307	G0307	Amersfoort	Amersfoort	GroenLinks-PvdA	Groenlinks - Partij van de Arbeid	GLPVDA	GROENLINKS / Partij van de Arbeid (PvdA)	0.92
GM0307	G0307	Amersfoort	Amersfoort	Burger Partij Amersfoort	Burger Partij Amersfoort	BPA	Burger Partij Amersfoort (BPA)	0.88
GM0310	G0310	De Bilt	De Bilt	D66	D66	D66	D66	1
GM0310	G0310	De Bilt	De Bilt	VVD	VVD	VVD	VVD	1
GM0310	G0310	De Bilt	De Bilt	Forza De Bilt	Forza De Bilt	FORZA	Forza De Bilt	1
GM0310	G0310	De Bilt	De Bilt	Lokaal De Bilt	Lokaal De Bilt	LOKBIL	Lokaal De Bilt	1
GM0310	G0310	De Bilt	De Bilt	CDA	CDA	CDA	CDA	1
GM0310	G0310	De Bilt	De Bilt	SGP	SGP	SGP	Staatkundig Gereformeerde Partij (SGP)	1
GM0310	G0310	De Bilt	De Bilt	ChristenUnie	ChristenUnie	CU	ChristenUnie	1
GM0310	G0310	De Bilt	De Bilt	SP	SP	SP	SP (Socialistische Partij)	1
GM0310	G0310	De Bilt	De Bilt	VOLT	VOLT	VOLT	Volt	1
GM0310	G0310	De Bilt	De Bilt	Fracti3	Fracti3	FRACTI	Fracti3	1
GM0310	G0310	De Bilt	De Bilt	GroenLinks-PvdA	GroenLinks-PvdA	GLPVDA	GROENLINKS / Partij van de Arbeid (PvdA)	0.92
GM0312	G0312	Bunnik	Bunnik	P21	P21	P21	Perspectief 21	1
GM0312	G0312	Bunnik	Bunnik	CDA	Christen-Democratisch Appèl	CDA	CDA	1
GM0312	G0312	Bunnik	Bunnik	D66	D66	D66	D66	1
GM0312	G0312	Bunnik	Bunnik	VVD	Volkspartij voor Vrijheid en Democratie	VVD	VVD	1
GM0321	G0321	Houten	Houten	Inwonerspartij Toekomst Houten	Inwonerspartij Toekomst Houten	ITH	Inwonerspartij Toekomst Houten	1
GM0321	G0321	Houten	Houten	D66	D66	D66	D66	1
GM0321	G0321	Houten	Houten	NatúúrlijkHouten	NatúúrlijkHouten	NATHOU	NatúúrlijkHouten	1
GM0321	G0321	Houten	Houten	VVD	Volkspartij voor Vrijheid en Democratie	VVD	VVD	1
GM0321	G0321	Houten	Houten	CDA	Christen-Democratisch Appèl	CDA	CDA	1
GM0321	G0321	Houten	Houten	SGP	Staatkundig Gereformeerde Partij-ChristenUnie	SGP	Staatkundig Gereformeerde Partij (SGP)	1
GM0321	G0321	Houten	Houten	ChristenUnie	ChristenUnie	CU	ChristenUnie	1
GM0321	G0321	Houten	Houten	Houten Anders!	Houten Anders!	HA	Houten Anders!	1
GM0321	G0321	Houten	Houten	Volt	Volt	VOLT	Volt	1
GM0321	G0321	Houten	Houten	GroenLinks-PvdA	Groenlinks - Partij van de Arbeid	GLPVDA	GROENLINKS / Partij van de Arbeid (PvdA)	0.92
GM0331	G0331	Lopik	Lopik	ChristenUnie-SGP	ChristenUnie-Staatkundig Gereformeerde Partij	CUSGP	ChristenUnie-SGP	1
GM0331	G0331	Lopik	Lopik	Hart voor Lopik	Hart voor Lopik	HART	Hart voor Lopik	1
GM0331	G0331	Lopik	Lopik	CDA	Christen-Democratisch Appèl	CDA	CDA	1
GM0331	G0331	Lopik	Lopik	VVD	Volkspartij voor Vrijheid en Democratie	VVD	VVD	1
GM0331	G0331	Lopik	Lopik	Lokaal Sociaal '26	Lokaal Sociaal '26	LOKSOC	Lokaal Sociaal '26	1
GM0335	G0335	Montfoort	Montfoort	Progressief Akkoord	Progressief Akkoord	PAK	Progressief Akkoord	1
GM0335	G0335	Montfoort	Montfoort	CDA	Christen-Democratisch Appèl	CDA	CDA	1
GM0335	G0335	Montfoort	Montfoort	VVD	Volkspartij voor Vrijheid en Democratie	VVD	VVD	1
GM0335	G0335	Montfoort	Montfoort	SGP	Staatkundig Gereformeerde Partij	SGP	Staatkundig Gereformeerde Partij (SGP)	1
GM0335	G0335	Montfoort	Montfoort	Inwonersbelangen  Montfoort Linschoten	Inwonersbelangen  Montfoort Linschoten	INBELML	Inwonersbelangen Montfoort Linschoten	1
GM0335	G0335	Montfoort	Montfoort	ChristenUnie	ChristenUnie	CU	ChristenUnie	1
GM0335	G0335	Montfoort	Montfoort	D66	D66	D66	D66	1
GM0339	G0339	Renswoude	Renswoude	Dorpsbelang Renswoude	Dorpsbelang Renswoude	DBR	Dorpsbelang Renswoude	1
GM0339	G0339	Renswoude	Renswoude	SGP	Staatkundig Gereformeerde Partij	SGP	Staatkundig Gereformeerde Partij (SGP)	1
GM0339	G0339	Renswoude	Renswoude	ChristenUnie	ChristenUnie	CU	ChristenUnie	1
GM0339	G0339	Renswoude	Renswoude	CDA	Christen-Democratisch Appèl	CDA	CDA	1
GM0339	G0339	Renswoude	Renswoude	Op Renswoude	Onafhankelijke Partij Renswoude	OPREN	OP Renswoude	1
GM0340	G0340	Rhenen	Rhenen	SGP	Staatkundig Gereformeerde Partij	SGP	Staatkundig Gereformeerde Partij (SGP)	1
GM0340	G0340	Rhenen	Rhenen	GroenLinks-PvdA Progressief Rhenen	GroenLinks-PvdA Progressief Rhenen	PRGL	GROENLINKS/PvdA/Progressief Rhenen	1
GM0340	G0340	Rhenen	Rhenen	VVD	Volkspartij voor Vrijheid en Democratie	VVD	VVD	1
GM0340	G0340	Rhenen	Rhenen	Rhenens Belang	Rhenens Belang	RHENB	Rhenens Belang	1
GM0340	G0340	Rhenen	Rhenen	D66	D66	D66	D66	1
GM0340	G0340	Rhenen	Rhenen	ChristenUnie	ChristenUnie	CU	ChristenUnie	1
GM0340	G0340	Rhenen	Rhenen	CDA	Christen-Democratisch Appèl	CDA	CDA	1
GM0340	G0340	Rhenen	Rhenen	AZC WEG ERMEE! (Trots op Rhenen)	AZC WEG ERMEE! (Trots op Rhenen)	AZCWEG	AZC WEG ERMEE! (Trots op Rhenen)	1
GM0340	G0340	Rhenen	Rhenen	Lokale Volkspartij	Lokale Volkspartij	DELOK	De Lokale Volkspartij	0.88
GM0342	G0342	Soest	Soest	GROENLINKS / Partij van de Arbeid (PvdA)	GroenLinks-PvdA	GLPVDA	GROENLINKS / Partij van de Arbeid (PvdA)	1
GM0342	G0342	Soest	Soest	Soest 2002	Soest2002	SOEST200	Soest 2002	1
GM0342	G0342	Soest	Soest	Gemeentebelangen Groen Soest	Gemeentebelangen Groen Soest	GEMBEL	Gemeentebelangen Groen Soest	1
GM0342	G0342	Soest	Soest	VVD	VVD Soest - Soesterberg	VVD	VVD	1
GM0342	G0342	Soest	Soest	POS	Partij Ons Soesterberg	POS	POS	1
GM0342	G0342	Soest	Soest	D66	D66 Soest-Soesterberg.	D66	D66	1
GM0342	G0342	Soest	Soest	CDA	CDA Soest-Soesterberg	CDA	CDA	1
GM0342	G0342	Soest	Soest	BBS-SGP	BBS-SGP	BURGSOES	BBS-SGP	1
GM0342	G0342	Soest	Soest	Partij voor de Dieren	PvdD	PVDD	Partij voor de Dieren	1
GM0342	G0342	Soest	Soest	Volt	VOLT	VOLT	Volt	1
GM0342	G0342	Soest	Soest	ChristenUnie	ChristenUnie Soest	CU	ChristenUnie	1
GM0342	G0342	Soest	Soest	Forum voor Democratie	FvD	FVD	Forum voor Democratie	1
GM0344	G0344	Utrecht	Utrecht	D66	D66	D66	D66	1
GM0344	G0344	Utrecht	Utrecht	VVD	Volkspartij voor Vrijheid en Democratie	VVD	VVD	1
GM0344	G0344	Utrecht	Utrecht	CDA	Christen-Democratisch Appèl	CDA	CDA	1
GM0344	G0344	Utrecht	Utrecht	PvdD	Partij voor de Dieren	PVDD	Partij voor de Dieren	1
GM0344	G0344	Utrecht	Utrecht	Volt	Volt	VOLT	Volt	1
GM0344	G0344	Utrecht	Utrecht	Student & Starter	Student & Starter	STUDSTAR	Student & Starter	1
GM0344	G0344	Utrecht	Utrecht	ChristenUnie	ChristenUnie	CU	ChristenUnie	1
GM0344	G0344	Utrecht	Utrecht	DENK	DENK	DENK	DENK	1
GM0344	G0344	Utrecht	Utrecht	BIJ1	BIJ1	BIJ1	BIJ1	1
GM0344	G0344	Utrecht	Utrecht	EenUtrecht	EenUtrecht	EENUTR	EenUtrecht	1
GM0344	G0344	Utrecht	Utrecht	SP	Socialistische Partij	SP	SP (Socialistische Partij)	1
GM0344	G0344	Utrecht	Utrecht	Stadsbelang Utrecht	Stadsbelang Utrecht	SBU	Stadsbelang Utrecht	1
GM0344	G0344	Utrecht	Utrecht	PVV	PVV	PVV	PVV (Partij voor de Vrijheid)	1
GM0344	G0344	Utrecht	Utrecht	UtrechtNu!	UtrechtNu!	UTRECHTN	UtrechtNu!	1
GM0344	G0344	Utrecht	Utrecht	Utrecht solidair	Utrecht solidair	UTRSOL	Utrecht Solidair	1
GM0344	G0344	Utrecht	Utrecht	FvD	Forum voor Democratie	FVD	Forum voor Democratie	1
GM0344	G0344	Utrecht	Utrecht	JA21	JA21	JA21	JA21	1
GM0344	G0344	Utrecht	Utrecht	Lijst 18 Blanco - Horizons	Lijst 18 Blanco - Horizons	BLANCOZW	Blanco (Zwanenberg, P.)	0.93
GM0344	G0344	Utrecht	Utrecht	Lijst 20 Blanco - Link	Lijst 20 Blanco - Link	BLANCOWA	Blanco (van de Wal, R.M.W.A.H.C.)	0.93
GM0344	G0344	Utrecht	Utrecht	GroenLinks-PvdA	Groenlinks - Partij van de Arbeid	GLPVDA	GROENLINKS / Partij van de Arbeid (PvdA)	0.92
GM0345	G0345	Veenendaal	Veenendaal	ChristenUnie	ChristenUnie	CU	ChristenUnie	1
GM0345	G0345	Veenendaal	Veenendaal	SGP	Staatkundig Gereformeerde Partij	SGP	Staatkundig Gereformeerde Partij (SGP)	1
GM0345	G0345	Veenendaal	Veenendaal	CDA	Christen-Democratisch Appèl	CDA	CDA	1
GM0345	G0345	Veenendaal	Veenendaal	Lokaal Veenendaal	Lokaal Veenendaal	LOKV	Lokaal Veenendaal	1
GM0345	G0345	Veenendaal	Veenendaal	VVD	Volkspartij voor Vrijheid en Democratie	VVD	VVD	1
GM0345	G0345	Veenendaal	Veenendaal	D66	D66	D66	D66	1
GM0345	G0345	Veenendaal	Veenendaal	SP	Socialistische Partij	SP	SP (Socialistische Partij)	1
GM0345	G0345	Veenendaal	Veenendaal	Pro Veenendaal	Pro Veenendaal	PROVEE	ProVeenendaal	0.9285714285714286
GM0345	G0345	Veenendaal	Veenendaal	GroenLinks-PvdA	Groenlinks - Partij van de Arbeid	GLPVDA	GROENLINKS / Partij van de Arbeid (PvdA)	0.92
GM0353	G0353	IJsselstein	IJsselstein	LDIJ	Lokale democraten Ijsselstein	LDIJ	LDIJ	1
GM0353	G0353	IJsselstein	IJsselstein	VVD	Volkspartij voor Vrijheid en Democratie	VVD	VVD	1
GM0353	G0353	IJsselstein	IJsselstein	CDA	Christen-Democratisch Appèl	CDA	CDA	1
GM0353	G0353	IJsselstein	IJsselstein	D66	D66	D66	D66	1
GM0353	G0353	IJsselstein	IJsselstein	ChristenUnie	ChristenUnie	CU	ChristenUnie	1
GM0353	G0353	IJsselstein	IJsselstein	GroenLinks-PvdA	Groenlinks - Partij van de Arbeid	GLPVDA	GROENLINKS / Partij van de Arbeid (PvdA)	0.92
GM0355	G0355	Zeist	Zeist	VVD	Volkspartij voor Vrijheid en Democratie	VVD	VVD	1
GM0355	G0355	Zeist	Zeist	D66	D66	D66	D66	1
GM0355	G0355	Zeist	Zeist	CDA	Christen-Democratisch Appèl	CDA	CDA	1
GM0355	G0355	Zeist	Zeist	Zeist Lokaal	Zeist Lokaal	ZLOKAAL	Zeist Lokaal	1
GM0355	G0355	Zeist	Zeist	ChristenUnie-SGP	ChristenUnie - Staatkundig Gereformeerde Partij	CUSGP	ChristenUnie-SGP	1
GM0355	G0355	Zeist	Zeist	SP	Socialistische Partij	SP	SP (Socialistische Partij)	1
GM0355	G0355	Zeist	Zeist	Volt	Volt	VOLT	Volt	1
GM0355	G0355	Zeist	Zeist	Groene Alliantie	Groene Alliantie	GROALL	GROENE ALLIANTIE	1
GM0355	G0355	Zeist	Zeist	Lijst 9 Blanco	Lijst 9 Blanco (Directe democratie)	BLANCOF	Blanco (Fiscalini, C.A.W.M.)	0.93
GM0355	G0355	Zeist	Zeist	GroenLinks-PvdA	GroenLinks - Partij van de Arbeid	GLPVDA	GROENLINKS / Partij van de Arbeid (PvdA)	0.92
GM0356	G0356	Nieuwegein	Nieuwegein	Lokale Vernieuwing/VSP	Lokale Vernieuwing/VSP	LOKVER	Lokale Vernieuwing / VSP	1
GM0356	G0356	Nieuwegein	Nieuwegein	VVD	Volkspartij voor Vrijheid en Democratie	VVD	VVD	1
GM0356	G0356	Nieuwegein	Nieuwegein	D66	D66	D66	D66	1
GM0356	G0356	Nieuwegein	Nieuwegein	CDA	Christen Democratisch Appèl	CDA	CDA	1
GM0356	G0356	Nieuwegein	Nieuwegein	ChristenUnie	ChristenUnie	CU	ChristenUnie	1
GM0356	G0356	Nieuwegein	Nieuwegein	De Unie (van Nieuwegein)	De Unie (van Nieuwegein)	UNIE	De Unie (van Nieuwegein)	1
GM0356	G0356	Nieuwegein	Nieuwegein	ieders Belang	ieders Belang	IB	ieders Belang	1
GM0356	G0356	Nieuwegein	Nieuwegein	Forum voor Democratie	Forum voor Democratie	FVD	Forum voor Democratie	1
GM0356	G0356	Nieuwegein	Nieuwegein	GroenLinks-PvdA	GroenLinks-PvdA	GLPVDA	GROENLINKS / Partij van de Arbeid (PvdA)	0.92
GM0356	G0356	Nieuwegein	Nieuwegein	stadspartij Núwegein	stadspartij Núwegein	NU	Stadspartij Núwegein (NÚ)	0.88
GM0362	G0362	Amstelveen	Amstelveen	D66	D66	D66	D66	1
GM0362	G0362	Amstelveen	Amstelveen	ChristenUnie	ChristenUnie	CU	ChristenUnie	1
GM0362	G0362	Amstelveen	Amstelveen	VVD	Volkspartij voor Vrijheid en Democratie	VVD	VVD	1
GM0362	G0362	Amstelveen	Amstelveen	Burgerbelangen Amstelveen	Burgerbelangen Amstelveen	BURGAMST	BURGERBELANGEN AMSTELVEEN	1
GM0362	G0362	Amstelveen	Amstelveen	50PLUS	50PLUS	50PLUS	50PLUS	1
GM0362	G0362	Amstelveen	Amstelveen	Actief voor Amstelveen	Actief voor Amstelveen	ACTIEF	Actief voor Amstelveen	1
GM0362	G0362	Amstelveen	Amstelveen	SP	Socialistische Partij	SP	SP (Socialistische Partij)	1
GM0362	G0362	Amstelveen	Amstelveen	CDA	Christen-Democratisch Appèl	CDA	CDA	1
GM0362	G0362	Amstelveen	Amstelveen	Goed voor Amstelveen	Goed voor Amstelveen	GVA	Goed voor Amstelveen	1
GM0362	G0362	Amstelveen	Amstelveen	FvD	Forum voor Democratie	FVD	Forum voor Democratie	1
GM0362	G0362	Amstelveen	Amstelveen	GroenLinks-PvdA	Groenlinks - Partij van de Arbeid	GLPVDA	GROENLINKS / Partij van de Arbeid (PvdA)	0.92
GM0363	G0363	Amsterdam	Amsterdam	PvdA	Partij van de Arbeid	PVDA	Partij van de Arbeid (PvdA)	1
GM0363	G0363	Amsterdam	Amsterdam	GroenLinks	GroenLinks	GL	GROENLINKS	1
GM0363	G0363	Amsterdam	Amsterdam	D66	D66	D66	D66	1
GM0363	G0363	Amsterdam	Amsterdam	VVD	Volkspartij voor Vrijheid en Democratie	VVD	VVD	1
GM0363	G0363	Amsterdam	Amsterdam	BIJ1	BIJ1	BIJ1	BIJ1	1
GM0363	G0363	Amsterdam	Amsterdam	PvdD	Partij voor de Dieren	PVDD	Partij voor de Dieren	1
GM0363	G0363	Amsterdam	Amsterdam	Volt	Volt	VOLT	Volt	1
GM0363	G0363	Amsterdam	Amsterdam	SP	Socialistische Partij	SP	SP (Socialistische Partij)	1
GM0363	G0363	Amsterdam	Amsterdam	JA21	JA21	JA21	JA21	1
GM0363	G0363	Amsterdam	Amsterdam	DENK	DENK	DENK	DENK	1
GM0363	G0363	Amsterdam	Amsterdam	CDA	Christen Democratisch Appel	CDA	CDA	1
GM0363	G0363	Amsterdam	Amsterdam	Forum voor Democratie	Forum voor Democratie	FVD	Forum voor Democratie	1
GM0363	G0363	Amsterdam	Amsterdam	De Vonk	De Vonk	DEVONK	De Vonk	1
GM0363	G0363	Amsterdam	Amsterdam	Het Elan	Het Elan	ELAN	Het Elan	1
GM0363	G0363	Amsterdam	Amsterdam	Partij voor Morgen	Partij voor Morgen	MORGEN	Partij voor Morgen	1
GM0363	G0363	Amsterdam	Amsterdam	Namens Amsterdammers.	Namens Amsterdammers.	NAMENSA	Namens Amsterdammers.	1
GM0363	G0363	Amsterdam	Amsterdam	Amsterdamse Alternatieve Alliantie	Amsterdamse Alternatieve Alliantie	AMSALT	Amsterdamse Alternatieve Alliantie	1
GM0363	G0363	Amsterdam	Amsterdam	Partij voor Ontwikkeling	Partij voor Ontwikkeling	PVONTW	Partij voor Ontwikkeling	1
GM0363	G0363	Amsterdam	Amsterdam	CU	ChristenUnie	CU	ChristenUnie	1
GM0363	G0363	Amsterdam	Amsterdam	ELLECT	ELLECT	ELLECT	ELLECT	1
GM0363	G0363	Amsterdam	Amsterdam	Anti-racistische Moslimpartij	Anti-racistische Moslimpartij	ARMOS	Anti-racistische Moslimpartij	1
GM0363	G0363	Amsterdam	Amsterdam	NL PLAN	NL PLAN	NLPLA	NL PLAN	1
GM0363	G0363	Amsterdam	Amsterdam	Piratenpartij	Piratenpartij	PIRATENP	Piratenpartij	1
GM0363	G0363	Amsterdam	Amsterdam	LEF	LEF	LEF	LEF - Voor de Nieuwe Generatie	1
GM0363	G0363	Amsterdam	Amsterdam	50PLUS	50PLUS	50PLUS	50PLUS	1
GM0363	G0363	Amsterdam	Amsterdam	De Republikeinse Politieke Partij	De Republikeinse Partij	RPP	De Republikeinse Politieke Partij	1
GM0363	G0363	Amsterdam	Amsterdam	De Nieuwe Politiek	De Nieuwe Politiek	DENWEPOL	De Nieuwe Politiek	1
GM0363	G0363	Amsterdam	Amsterdam	Partij voor de Rechtsstaat	Partij voor de Rechtsstaat	PVDR	Partij voor de Rechtsstaat	1
GM0363	G0363	Amsterdam	Amsterdam	De Stem Van Amsterdam	De Stem Van Amsterdam	DESTE	De Stem Van Amsterdam	1
GM0363	G0363	Amsterdam	Amsterdam	Boer Burger Beweging	Boer Burger Beweging	BBB	BBB	0.93
GM0363	G0363	Amsterdam	Amsterdam	Hart voor Amsterdam/Partij voor de ouderen	Hart voor Amsterdam/partij voor de ouderen	HARVOO	Hart voor Amsterdam/Partij van de Ouderen	0.9285714285714286
GM0363	G0363	Amsterdam	Amsterdam	1 Wereld 1 Toekomst	1 Wereld 1 Toekomst	1W1T	1 WERELD 1 TOEKOMST (1W1T)	0.88
GM0363	G0363	Amsterdam	Amsterdam	Libertaire Partij	Libertaire Partij	LPLIB	LP (Libertaire Partij)	0.88
GM0363	G0363	Amsterdam	Amsterdam	Liberaal Collectief Amsterdam	Liberaal Collectief Amsterdam	LCALIB	LCA (Liberaal Collectief Amsterdam)	0.88
GM0363	G0363	Amsterdam	Amsterdam	Partij Voor Betaalbaar Leven	Partij Voor Betaalbaar Leven	PVBL	Partij voor Betaalbaar Leven (PvBL)	0.88
GM0375	G0375	Beverwijk	Beverwijk	D66	D66	D66	D66	1
GM0375	G0375	Beverwijk	Beverwijk	VVD	Volkspartij voor Vrijheid en Democratie	VVD	VVD	1
GM0375	G0375	Beverwijk	Beverwijk	Vrij!	Vrij!	VRIJ	VRIJ !	1
GM0375	G0375	Beverwijk	Beverwijk	CDA	Christen-Democratisch Appèl	CDA	CDA	1
GM0375	G0375	Beverwijk	Beverwijk	FvD	Forum voor Democratie	FVD	Forum voor Democratie	1
GM0375	G0375	Beverwijk	Beverwijk	Ons Beverwijk	Ons Beverwijk	ONSBEV	Ons Beverwijk	1
GM0375	G0375	Beverwijk	Beverwijk	Denk	Denk	DENK	DENK	1
GM0375	G0375	Beverwijk	Beverwijk	GroenLinks-PvdA	Groenlinks - Partij van de Arbeid	GLPVDA	GROENLINKS / Partij van de Arbeid (PvdA)	0.92
GM0375	G0375	Beverwijk	Beverwijk	Groen Staal	Groen Staal	GROENSTA	GROENSTAAL!	0.9090909090909091
GM0375	G0375	Beverwijk	Beverwijk	Samen Lokaal Beverwijk	Samen Lokaal Beverwijk	SLB	Samen Lokaal Beverwijk (SLB)	0.88
GM0375	G0375	Beverwijk	Beverwijk	BVNL	Belang van Nederland	BELVAN	Belang van Nederland (BVNL)	0.88
GM0377	G0377	Bloemendaal	Bloemendaal	VVD	Volkspartij voor Vrijheid en Democratie	VVD	VVD	1
GM0377	G0377	Bloemendaal	Bloemendaal	D66	D66	D66	D66	1
GM0377	G0377	Bloemendaal	Bloemendaal	Hart voor Bloemendaal	Hart voor Bloemendaal	HVB	Hart voor Bloemendaal	1
GM0377	G0377	Bloemendaal	Bloemendaal	CDA	Christen-Democratisch Appèl	CDA	CDA	1
GM0377	G0377	Bloemendaal	Bloemendaal	Liberaal Bloemendaal	Liberaal Bloemendaal	LIBBLOEM	Liberaal Bloemendaal	1
GM0377	G0377	Bloemendaal	Bloemendaal	Zelfstandig Bloemendaal	Zelfstandig Bloemendaal	ZELFB	Zelfstandig Bloemendaal	1
GM0377	G0377	Bloemendaal	Bloemendaal	SP	Socialistische Partij	SP	SP (Socialistische Partij)	1
GM0377	G0377	Bloemendaal	Bloemendaal	GroenLinks-PvdA	Groenlinks - Partij van de Arbeid	GLPVDA	GROENLINKS / Partij van de Arbeid (PvdA)	0.92
GM0384	G0384	Diemen	Diemen	Ons Diemen	Ons Diemen	OD	Ons Diemen	1
GM0384	G0384	Diemen	Diemen	D66	D66	D66	D66	1
GM0384	G0384	Diemen	Diemen	VVD	Volkspartij voor Vrijheid en Democratie	VVD	VVD	1
GM0384	G0384	Diemen	Diemen	Ouderenpartij Diemen	Ouderenpartij Diemen	OPDIEMEN	Ouderenpartij Diemen	1
GM0384	G0384	Diemen	Diemen	Onafhankelijk Diemen	Onafhankeijke Partij Diemen	OPD	Onafhankelijk Diemen	1
GM0384	G0384	Diemen	Diemen	GroenLinks-PvdA	Groenlinks - Partij van de Arbeid	GLPVDA	GROENLINKS / Partij van de Arbeid (PvdA)	0.92
GM0385	G0385	Edam-Volendam	Edam-Volendam	Volendam/80	Volendam/80	VOL80	Volendam '80	1
GM0385	G0385	Edam-Volendam	Edam-Volendam	Zeevangs Belang	Zeevangs Belang	ZEBEL	Zeevangs Belang	1
GM0385	G0385	Edam-Volendam	Edam-Volendam	CDA	CDA	CDA	CDA	1
GM0385	G0385	Edam-Volendam	Edam-Volendam	ONS Belang	ONS Belang	ONSBEL	ONS Belang	1
GM0385	G0385	Edam-Volendam	Edam-Volendam	VVD	VVD	VVD	VVD	1
GM0385	G0385	Edam-Volendam	Edam-Volendam	BVNL	Belang van Nederland	BVNL	BVNL	1
GM0385	G0385	Edam-Volendam	Edam-Volendam	FvD	Forum voor Democratie	FVD	Forum voor Democratie	1
GM0385	G0385	Edam-Volendam	Edam-Volendam	LEV	Lokaal Edam-Volendam	LOKEDA	Lokaal Edam-Volendam	1
GM0385	G0385	Edam-Volendam	Edam-Volendam	D66	D66	D66	D66	1
GM0385	G0385	Edam-Volendam	Edam-Volendam	Luister25	Luister25	LUISTER	Luister25	1
GM0385	G0385	Edam-Volendam	Edam-Volendam	GroenLinks-PvdA	GroenLinks-Partij van de Arbeid	GLPVDA	GROENLINKS / Partij van de Arbeid (PvdA)	0.92
GM0388	G0388	Enkhuizen	Enkhuizen	Enkhuizen Vooruit	Enkhuizen Vooruit	EV	Enkhuizen Vooruit!	1
GM0388	G0388	Enkhuizen	Enkhuizen	SP	Socialistische Partij	SP	SP (Socialistische Partij)	1
GM0388	G0388	Enkhuizen	Enkhuizen	CDA	Christen-Democratisch Appèl	CDA	CDA	1
GM0388	G0388	Enkhuizen	Enkhuizen	D66	D66	D66	D66	1
GM0388	G0388	Enkhuizen	Enkhuizen	HEA	Het Enkhuizer Alternatief	ENKALT	Het Enkhuizer Alternatief	1
GM0388	G0388	Enkhuizen	Enkhuizen	VVD	Volkspartij voor Vrijheid en Democratie	VVD	VVD	1
GM0388	G0388	Enkhuizen	Enkhuizen	SGP	SGP	SGP	Staatkundig Gereformeerde Partij (SGP)	1
GM0388	G0388	Enkhuizen	Enkhuizen	GroenLinks-PvdA	Groenlinks - Partij van de Arbeid	GLPVDA	GROENLINKS / Partij van de Arbeid (PvdA)	0.92
GM0388	G0388	Enkhuizen	Enkhuizen	Piratenpartij Enkhuizen	Piratenpartij Enkhuizen	PIRATEN	Piratenpartij	0.88
GM0392	G0392	Haarlem	Haarlem	VVD	Volkspartij voor Vrijheid en Democratie	VVD	VVD	1
GM0392	G0392	Haarlem	Haarlem	Partij voor de Dieren	Partij voor de Dieren	PVDD	Partij voor de Dieren	1
GM0392	G0392	Haarlem	Haarlem	CDA	Christen-Democratisch Appèl	CDA	CDA	1
GM0392	G0392	Haarlem	Haarlem	OPHaarlem	OPHaarlem	OPHAAR	OPHaarlem	1
GM0392	G0392	Haarlem	Haarlem	SP	Socialistische Partij	SP	SP (Socialistische Partij)	1
GM0392	G0392	Haarlem	Haarlem	Jouw Haarlem	Jouw Haarlem	JHLM	Jouw Haarlem	1
GM0392	G0392	Haarlem	Haarlem	Hart voor Haarlem	Hart voor Haarlem	HART	Hart voor Haarlem	1
GM0392	G0392	Haarlem	Haarlem	Actiepartij	Actiepartij	ACTIE	Actiepartij	1
GM0392	G0392	Haarlem	Haarlem	ChristenUnie	ChristenUnie	CU	ChristenUnie	1
GM0392	G0392	Haarlem	Haarlem	BvNL	Belang van Nederland	BVNL	Belang Van Nederland (BVNL)	1
GM0392	G0392	Haarlem	Haarlem	FvD	Forum voor Democratie	FVD	Forum voor Democratie	1
GM0392	G0392	Haarlem	Haarlem	Volt	Volt	VOLT	Volt	1
GM0392	G0392	Haarlem	Haarlem	Piratenpartij	Piratenpartij	PIRATENP	Piratenpartij	1
GM0392	G0392	Haarlem	Haarlem	DENK	DENK	DENK	DENK	1
GM0392	G0392	Haarlem	Haarlem	D66 Haarlem	D66 Haarlem	D66	D66	0.94
GM0392	G0392	Haarlem	Haarlem	Trots Haarlem	Trots Haarlem	TROTS	Trots Haarlem (Man Hapt Mug)	0.94
GM0392	G0392	Haarlem	Haarlem	GroenLinks-PvdA	Groenlinks - Partij van de Arbeid	GLPVDA	GROENLINKS / Partij van de Arbeid (PvdA)	0.92
GM0394	G0394	Haarlemmermeer	Haarlemmermeer	VVD	Volkspartij voor Vrijheid en Democratie	VVD	VVD	1
GM0394	G0394	Haarlemmermeer	Haarlemmermeer	HAP	Haarlemmermeerse Actieve Politiek	HAP	Haarlemmermeerse Actieve Politiek (HAP)	1
GM0394	G0394	Haarlemmermeer	Haarlemmermeer	D66	D66	D66	D66	1
GM0394	G0394	Haarlemmermeer	Haarlemmermeer	CDA	Christen-Democratisch Appèl	CDA	CDA	1
GM0394	G0394	Haarlemmermeer	Haarlemmermeer	Forza!	Forza!	FORZA	Forza! Haarlemmermeer	1
GM0394	G0394	Haarlemmermeer	Haarlemmermeer	SRH	Sociaal Rechts Haarlemmermeer	SRH	Sociaal Rechts Haarlemmermeer	1
GM0394	G0394	Haarlemmermeer	Haarlemmermeer	FVD	Forum voor Democratie	FVD	Forum voor Democratie	1
GM0394	G0394	Haarlemmermeer	Haarlemmermeer	BVNL	Belang van Nederland	BVNL	Belang van Nederland (BVNL)	1
GM0394	G0394	Haarlemmermeer	Haarlemmermeer	Een Haarlemmermeer	Een Haarlemmermeer	EENHMR	EEN Haarlemmermeer	1
GM0394	G0394	Haarlemmermeer	Haarlemmermeer	Partij voor de Rechtsstaat	Partij voor de Rechtsstaat	PVDR	Partij voor de Rechtsstaat	1
GM0394	G0394	Haarlemmermeer	Haarlemmermeer	50PLUS	50PLUS	50PLUS	50PLUS	1
GM0394	G0394	Haarlemmermeer	Haarlemmermeer	PVV	Partij voor de Vrijheid	PVV	PVV	1
GM0394	G0394	Haarlemmermeer	Haarlemmermeer	DENK	DENK	DENK	DENK	1
GM0394	G0394	Haarlemmermeer	Haarlemmermeer	Hart van Haarlemmermeer	Hart van Haarlemmermeer	HARTVH	Hart van Haarlemmermeer	1
GM0394	G0394	Haarlemmermeer	Haarlemmermeer	GroenLinks-PvdA	Groenlinks - Partij van de Arbeid	GLPVDA	GROENLINKS	0.92
GM0394	G0394	Haarlemmermeer	Haarlemmermeer	CU/SGP	CU/SGP	CUSGP	ChristenUnie-SGP	0.9
GM0396	G0396	Heemskerk	Heemskerk	Heemskerk Lokaal	Heemskerk Lokaal	HSKLOK	Heemskerk Lokaal	1
GM0396	G0396	Heemskerk	Heemskerk	D66	D66	D66	D66	1
GM0396	G0396	Heemskerk	Heemskerk	VVD	Volkspartij voor Vrijheid en Democratie	VVD	VVD	1
GM0396	G0396	Heemskerk	Heemskerk	CDA	Christen-Democratisch Appèl	CDA	CDA	1
GM0396	G0396	Heemskerk	Heemskerk	Hart voor Heemskerk	Hart voor Heemskerk	HARTVH	Hart voor Heemskerk	1
GM0396	G0396	Heemskerk	Heemskerk	FvD	Forum voor Democratie	FVD	Forum voor Democratie	1
GM0396	G0396	Heemskerk	Heemskerk	GroenLinks-PvdA	Groenlinks - Partij van de Arbeid	GLPVDA	GROENLINKS / Partij van de Arbeid (PvdA)	0.92
GM0400	G0400	Den Helder	Den Helder	Beter voor Den Helder	Beter voor Den Helder	BVDH	Beter voor Den Helder	1
GM0400	G0400	Den Helder	Den Helder	VVD	Volkspartij voor Vrijheid en Democratie	VVD	VVD	1
GM0400	G0400	Den Helder	Den Helder	CDA	Christen-Democratisch Appèl	CDA	CDA	1
GM0400	G0400	Den Helder	Den Helder	D66	D66	D66	D66	1
GM0400	G0400	Den Helder	Den Helder	GroenLinks	Groenlinks 	GL	GROENLINKS	1
GM0400	G0400	Den Helder	Den Helder	PVV	PVV	PVV	PVV (Partij voor de Vrijheid)	1
GM0400	G0400	Den Helder	Den Helder	Stadspartij Den Helder	Stadspartij Den Helder	STDH	Stadspartij Den Helder	1
GM0400	G0400	Den Helder	Den Helder	PvdA	Partij van de Arbeid	PVDA	Partij van de Arbeid (PvdA)	1
GM0400	G0400	Den Helder	Den Helder	ChristenUnie	ChristenUnie	CU	ChristenUnie	1
GM0400	G0400	Den Helder	Den Helder	Samen Actief Den Helder	Samen Actief Den Helder	SAMACT	Samen Actief Den Helder	1
GM0400	G0400	Den Helder	Den Helder	SP	Socialistische Partij	SP	SP (Socialistische Partij)	1
GM0400	G0400	Den Helder	Den Helder	50PLUS	50PLUS	50PLUS	50PLUS	1
GM0400	G0400	Den Helder	Den Helder	Piratenpartij	Piratenpartij	PIRATENP	Piratenpartij	1
GM0400	G0400	Den Helder	Den Helder	Fractie Pastoor	Fractie Pastoor	FRAPAS	FRACTIE PASTOOR	1
GM0400	G0400	Den Helder	Den Helder	Forum voor Democratie	Forum voor Democratie	FVD	Forum voor Democratie	1
GM0400	G0400	Den Helder	Den Helder	Behoorlijk Bestuur voor Den Helder en Julianadorp	Behoorlijk Bestuur voor Den Helder en Julianadorp	BBEST	BEHOORLIJK BESTUUR	0.88
GM0400	G0400	Den Helder	Den Helder	SeniorenPartij Den Helder	SeniorenPartij Den Helder	SENIOR	Seniorenpartij	0.88
GM0405	G0405	Hoorn	Hoorn	Hoorn Centraal	Hoorn Centraal voorheen Fractie Tonnaer	HOOCEN	Hoorn Centraal voorheen Fractie Tonnaer	1
GM0405	G0405	Hoorn	Hoorn	Hoorn Lokaal	Hoorn Lokaal	HOORNLOK	Hoorn Lokaal	1
GM0405	G0405	Hoorn	Hoorn	EenHoorn	EenHoorn	NHOORN	ÉénHoorn	1
GM0405	G0405	Hoorn	Hoorn	Hart van Hoorn	Hart van Hoorn	HARVAN	Hart van Hoorn	1
GM0405	G0405	Hoorn	Hoorn	CDA	Christen-Democratisch Appèl	CDA	CDA	1
GM0405	G0405	Hoorn	Hoorn	VVD	Volkspartij voor Vrijheid en Democratie	VVD	VVD	1
GM0405	G0405	Hoorn	Hoorn	D66	D66	D66	D66	1
GM0405	G0405	Hoorn	Hoorn	ChristenUnie	ChristenUnie	CU	ChristenUnie	1
GM0405	G0405	Hoorn	Hoorn	PvdD	Partij voor de Dieren	PVDD	Partij voor de Dieren	1
GM0405	G0405	Hoorn	Hoorn	FvD	Forum voor Democratie	FVD	Forum voor Democratie	1
GM0405	G0405	Hoorn	Hoorn	SP	Socialistische Partij	SP	SP (Socialistische Partij)	1
GM0405	G0405	Hoorn	Hoorn	H!B	Hoornse inwoners beweging	HB	H!B	1
GM0405	G0405	Hoorn	Hoorn	GroenLinks-PvdA	Groenlinks - Partij van de Arbeid	GLPVDA	GROENLINKS / Partij van de Arbeid (PvdA)	0.92
GM0405	G0405	Hoorn	Hoorn	Sociaal Hoorn	Sociaal Hoorn	SOCHOO	Sociaal Hoorn/Team Tonnaer	0.88
GM0405	G0405	Hoorn	Hoorn	Hoe?	Hoorn Open en Eerlijk	HOOOPE	Hoorn Open & Eerlijk (HOE?!)	0.88
GM0405	G0405	Hoorn	Hoorn	HOOP	Hoornse Ondernemers en Ouderenpartij	HOOOND	Hoornse Ondernemende & Ouderen Partij!	0.8611111111111112
GM0415	G0415	Landsmeer	Landsmeer	Lokaal Landsmeer	Lokaal Landsmeer	LOKL	Lokaal Landsmeer	1
GM0415	G0415	Landsmeer	Landsmeer	GROENLINKS / Partij van de Arbeid (PvdA)	GROENLINKS / Partij van de Arbeid (PvdA)	GLPVDA	GROENLINKS / Partij van de Arbeid (PvdA)	1
GM0415	G0415	Landsmeer	Landsmeer	D66	D66	D66	D66	1
GM0415	G0415	Landsmeer	Landsmeer	VVD	VVD	VVD	VVD	1
GM0415	G0415	Landsmeer	Landsmeer	Positief Landsmeer	Positief Landsmeer	POSLAN	Positief Landsmeer	1
GM0415	G0415	Landsmeer	Landsmeer	CDA	CDA	CDA	CDA	1
GM0415	G0415	Landsmeer	Landsmeer	SP (Socialistische Partij)	SP (Socialistische Partij)	SP	SP (Socialistische Partij)	1
GM0415	G0415	Landsmeer	Landsmeer	DorpsBelang	DorpsBelang	DORPSBEL	DorpsBelang	1
GM0420	G0420	Medemblik	Medemblik	Hart voor Medemblik	Hart voor Medemblik	HVMBK	Hart voor Medemblik	1
GM0420	G0420	Medemblik	Medemblik	CDA	CDA	CDA	CDA	1
GM0420	G0420	Medemblik	Medemblik	GemeenteBelangen	GemeenteBelangen	GEMBEL	GemeenteBelangen	1
GM0420	G0420	Medemblik	Medemblik	VVD	VVD	VVD	VVD	1
GM0420	G0420	Medemblik	Medemblik	Morgen!	Morgen!	MORGEN	MORGEN!/Sociaal&Progressief	1
GM0420	G0420	Medemblik	Medemblik	D66	D66	D66	D66	1
GM0420	G0420	Medemblik	Medemblik	FVD	Forum voor Democratie	FVD	Forum voor Democratie	1
GM0431	G0431	Oostzaan	Oostzaan	VVD	Volkspartij voor Vrijheid en Democratie	VVD	VVD	1
GM0431	G0431	Oostzaan	Oostzaan	GroenLinks	GroenLinks	GL	GROENLINKS	1
GM0431	G0431	Oostzaan	Oostzaan	CDA	Christen-Democratisch Appèl	CDA	CDA	1
GM0431	G0431	Oostzaan	Oostzaan	PvdA	Partij van de Arbeid	PVDA	Partij van de Arbeid (PvdA)	1
GM0431	G0431	Oostzaan	Oostzaan	D66	D66	D66	D66	1
GM0432	G0432	Opmeer	Opmeer	CDA	Christen-Democratisch Appèl	CDA	CDA	1
GM0432	G0432	Opmeer	Opmeer	Gemeentebelangen Opmeer	Gemeentebelangen Opmeer	GEMBEL	Gemeentebelangen Opmeer	1
GM0432	G0432	Opmeer	Opmeer	VVD	Volkspartij voor Vrijheid en Democratie	VVD	VVD	1
GM0432	G0432	Opmeer	Opmeer	KERN8	KERN8	KERN	KERN8	1
GM0432	G0432	Opmeer	Opmeer	GroenLinks-PvdA	GroenLinks-PvdA	GLPVDA	GROENLINKS / Partij van de Arbeid (PvdA)	0.92
GM0432	G0432	Opmeer	Opmeer	Lokale partij Opmeer	Lokale partij Opmeer	LOK	Lokale Partij Opmeer(LPO)	0.88
GM0437	G0437	Ouder-Amstel	Ouder-Amstel	Ouder-Amstel Anders	Ouder-Amstel Anders	OAA	Ouder-Amstel Anders	1
GM0437	G0437	Ouder-Amstel	Ouder-Amstel	VVD	Volkspartij voor Vrijheid en Democratie	VVD	VVD	1
GM0437	G0437	Ouder-Amstel	Ouder-Amstel	Natuurlijk belang	Natuurlijk belang	NB	Natuurlijk Belang	1
GM0437	G0437	Ouder-Amstel	Ouder-Amstel	D66	D66	D66	D66	1
GM0437	G0437	Ouder-Amstel	Ouder-Amstel	Amstelland Lokaal	Amstelland Lokaal	AMSLOK	Amstelland Lokaal	1
GM0437	G0437	Ouder-Amstel	Ouder-Amstel	CDA	Christen-Democratisch Appèl	CDA	CDA	1
GM0437	G0437	Ouder-Amstel	Ouder-Amstel	GroenLinks-PvdA	Groenlinks - Partij van de Arbeid	GLPVDA	GROENLINKS / Partij van de Arbeid (PvdA)	0.92
GM0451	G0451	Uithoorn	Uithoorn	Gemeentebelangen	Gemeentebelangen	GEMBEL	Gemeentebelangen	1
GM0451	G0451	Uithoorn	Uithoorn	Dus!	Dus! GroenLinks en D66	DUSGLD66	DUS! GroenLinks en D66	1
GM0451	G0451	Uithoorn	Uithoorn	CDA	Christen-Democratisch Appèl	CDA	CDA	1
GM0451	G0451	Uithoorn	Uithoorn	VVD Uithoorn - De Kwakel	Volkspartij voor Vrijheid en Democratie	VVD	VVD	0.94
GM0451	G0451	Uithoorn	Uithoorn	PvdA Uithoorn - De Kwakel	Partij van de Arbeid	PVDA	Partij van de Arbeid (PvdA)	0.94
GM0453	G0453	Velsen	Velsen	Velsen Lokaal	Velsen Lokaal	VLOK	Velsen Lokaal	1
GM0453	G0453	Velsen	Velsen	D66	D66	D66	D66	1
GM0453	G0453	Velsen	Velsen	VVD	VVD	VVD	VVD	1
GM0453	G0453	Velsen	Velsen	GroenLinks	GroenLinks	GL	GROENLINKS	1
GM0453	G0453	Velsen	Velsen	PvdA	Partij van de Arbeid	PVDA	Partij van de Arbeid (PvdA)	1
GM0453	G0453	Velsen	Velsen	Sterk Velsen	Sterk Velsen	STERKV	Sterk Velsen	1
GM0453	G0453	Velsen	Velsen	CDA	CDA	CDA	CDA	1
GM0453	G0453	Velsen	Velsen	Forum voor Democratie	Forum voor Democratie	FVD	Forum voor Democratie	1
GM0453	G0453	Velsen	Velsen	ChristenUnie	ChristenUnie	CU	ChristenUnie	1
GM0453	G0453	Velsen	Velsen	Liberaal Blauw	Liberaal Blauw	LIBBLAUW	Liberaal Blauw	1
GM0473	G0473	Zandvoort	Zandvoort	Jong Zandvoort	Jong Zandvoort	JZAND	Jong Zandvoort	1
GM0473	G0473	Zandvoort	Zandvoort	CDA	Christen-Democratisch Appèl	CDA	CDA	1
GM0473	G0473	Zandvoort	Zandvoort	OPZ	Ouderen partij Zandvoort	OPZ	OPZ - Ouderen Partij Zandvoort	1
GM0473	G0473	Zandvoort	Zandvoort	VVD	Volkspartij voor Vrijheid en Democratie	VVD	VVD	1
GM0473	G0473	Zandvoort	Zandvoort	PVV	Partij voor de Vrijheid	PVV	PVV (Partij voor de Vrijheid)	1
GM0473	G0473	Zandvoort	Zandvoort	D66	D66	D66	D66	1
GM0473	G0473	Zandvoort	Zandvoort	ZEE	Zandvoort echt voor een	ZEE	ZEE (Zandvoort Echt Eén)	1
GM0473	G0473	Zandvoort	Zandvoort	GroenLinks-PvdA	GroenLinks - Partij van de Arbeid	GLPVDA	GROENLINKS / Partij van de Arbeid (PvdA)	0.92
GM0482	G0482	Alblasserdam	Alblasserdam	SGP	Staatkundig Gereformeerde Partij	SGP	Staatkundig Gereformeerde Partij (SGP)	1
GM0482	G0482	Alblasserdam	Alblasserdam	VVD	Volkspartij voor Vrijheid en Democratie	VVD	VVD	1
GM0482	G0482	Alblasserdam	Alblasserdam	CDA	Christen-Democratisch Appèl	CDA	CDA	1
GM0482	G0482	Alblasserdam	Alblasserdam	D66	D66	D66	D66	1
GM0482	G0482	Alblasserdam	Alblasserdam	ChristenUnie	ChristenUnie	CU	ChristenUnie	1
GM0482	G0482	Alblasserdam	Alblasserdam	GroenLinks-PvdA	Groenlinks - Partij van de Arbeid	GLPVDA	GROENLINKS / Partij van de Arbeid (PvdA)	0.92
GM0484	G0484	Alphen aan den Rijn	Alphen aan den Rijn	Nieuw Elan	Nieuw Elan	ELAN	Nieuw Elan	1
GM0484	G0484	Alphen aan den Rijn	Alphen aan den Rijn	VVD	Volkspartij voor Vrijheid en Democratie	VVD	VVD	1
GM0484	G0484	Alphen aan den Rijn	Alphen aan den Rijn	CDA	Christen-Democratisch Appèl	CDA	CDA	1
GM0484	G0484	Alphen aan den Rijn	Alphen aan den Rijn	D66	D66	D66	D66	1
GM0484	G0484	Alphen aan den Rijn	Alphen aan den Rijn	ChristenUnie	ChristenUnie	CU	ChristenUnie	1
GM0484	G0484	Alphen aan den Rijn	Alphen aan den Rijn	SP	Socialistische Partij	SP	SP (Socialistische Partij)	1
GM0484	G0484	Alphen aan den Rijn	Alphen aan den Rijn	SGP	Staatkundig Gereformeerde Partij	SGP	Staatkundig Gereformeerde Partij (SGP)	1
GM0484	G0484	Alphen aan den Rijn	Alphen aan den Rijn	FvD	Forum voor Democratie	FVD	Forum voor Democratie	1
GM0484	G0484	Alphen aan den Rijn	Alphen aan den Rijn	Ons Alphen	Ons Alphen	ONSALP	ONS Alphen	1
GM0484	G0484	Alphen aan den Rijn	Alphen aan den Rijn	PvdD	Partij voor de Dieren	PVDD	Partij voor de Dieren	1
GM0484	G0484	Alphen aan den Rijn	Alphen aan den Rijn	GroenLinks-PvdA	Groenlinks - Partij van de Arbeid	GLPVDA	GROENLINKS / Partij van de Arbeid (PvdA)	0.92
GM0484	G0484	Alphen aan den Rijn	Alphen aan den Rijn	RijnGouwe Lokaal	RijnGouwe Lokaal	RGL	RijnGouweLokaal (RGL)	0.88
GM0484	G0484	Alphen aan den Rijn	Alphen aan den Rijn	Alphen voor elkaar	Alphen voor elkaar	ALPVOO	Alphen voor Elkaar (AvE)	0.88
GM0489	G0489	Barendrecht	Barendrecht	SGP-ChristenUnie	SGP-ChristenUnie	CUSGP	SGP-ChristenUnie	1
GM0489	G0489	Barendrecht	Barendrecht	CDA	Christen-Democratisch Appèl	CDA	CDA	1
GM0489	G0489	Barendrecht	Barendrecht	VVD	Volkspartij voor Vrijheid en Democratie	VVD	VVD	1
GM0489	G0489	Barendrecht	Barendrecht	D66	D66	D66	D66	1
GM0489	G0489	Barendrecht	Barendrecht	Barendrechts Belang	Barendrechts Belang	BARBEL	Barendrechts Belang	1
GM0489	G0489	Barendrecht	Barendrecht	Lijst 8	Lijst 8	BLANCO	Blanco (Demir, C.)	0.93
GM0489	G0489	Barendrecht	Barendrecht	GroenLinks-PvdA	Groenlinks - Partij van de Arbeid	GLPVDA	GROENLINKS / Partij van de Arbeid (PvdA)	0.92
GM0489	G0489	Barendrecht	Barendrecht	Echt voor Barendrecht	Echt voor Barendrecht	EVB	EVB (Echt voor Barendrecht)	0.88
GM0498	G0498	Drechterland	Drechterland	CDA	Christen-Democratisch Appèl	CDA	CDA	1
GM0498	G0498	Drechterland	Drechterland	Senioren Partij Drechterland	Senioren Partij Drechterland	SPD	Senioren Partij Drechterland	1
GM0498	G0498	Drechterland	Drechterland	VVD	Volkspartij voor Vrijheid en Democratie	VVD	VVD	1
GM0498	G0498	Drechterland	Drechterland	Gemeentebelangen Drechterland	Gemeentebelangen Drechterland	GEMBEL	Gemeentebelangen Drechterland	1
GM0498	G0498	Drechterland	Drechterland	Progressief Drechterland(PDL)	Progressief Drechterland(PDL)	PDL	Progressief Drechterland (PDL)	0.9642857142857143
GM0502	G0502	Capelle aan den IJssel	Capelle aan den IJssel	Leefbaar Capelle	Leefbaar Capelle	LEEFCAP	Leefbaar Capelle	1
GM0502	G0502	Capelle aan den IJssel	Capelle aan den IJssel	D66	Democraten 66	D66	D66	1
GM0502	G0502	Capelle aan den IJssel	Capelle aan den IJssel	VVD	Volkspartij voor Vrijheid en Democratie	VVD	VVD	1
GM0502	G0502	Capelle aan den IJssel	Capelle aan den IJssel	SGP	Staatskundig Gereformeerde Partij	SGP	Staatkundig Gereformeerde Partij (SGP)	1
GM0502	G0502	Capelle aan den IJssel	Capelle aan den IJssel	WIJ Kleurrijk Capelle	WIJ Kleurrijk Capelle	WIJKLEUR	Wij Kleurrijk Capelle	1
GM0502	G0502	Capelle aan den IJssel	Capelle aan den IJssel	ChristenUnie	ChristenUnie	CU	ChristenUnie	1
GM0502	G0502	Capelle aan den IJssel	Capelle aan den IJssel	CDA	Christen Democratisch Appel	CDA	CDA	1
GM0502	G0502	Capelle aan den IJssel	Capelle aan den IJssel	SP	Socialistische Partij	SP	SP (Socialistische Partij)	1
GM0502	G0502	Capelle aan den IJssel	Capelle aan den IJssel	Echt Voor Capelle	Echt Voor Capelle	ECHVOO	Echt voor Capelle	1
GM0502	G0502	Capelle aan den IJssel	Capelle aan den IJssel	GroenLinks-PvdA	GroenLinks-PvdA	GLPVDA	GROENLINKS / Partij van de Arbeid (PvdA)	0.92
GM0503	G0503	Delft	Delft	STIP	Studenten Techniek in Politiek	STIP	STIP	1
GM0503	G0503	Delft	Delft	D66	D66	D66	D66	1
GM0503	G0503	Delft	Delft	Hart voor Delft	Hart voor Delft	HVD	Hart voor Delft	1
GM0503	G0503	Delft	Delft	VVD	Volkspartij voor Vrijheid en Democratie	VVD	VVD	1
GM0503	G0503	Delft	Delft	SP	Socialistische Partij	SP	SP (Socialistische Partij)	1
GM0503	G0503	Delft	Delft	CDA	Christen-Democratisch Appèl	CDA	CDA	1
GM0503	G0503	Delft	Delft	Onafhankelijk Delft	Onafhankelijk Delft	OD	Onafhankelijk Delft	1
GM0503	G0503	Delft	Delft	ChristenUnie	ChristenUnie	CU	ChristenUnie	1
GM0503	G0503	Delft	Delft	Volt	Volt	VOLT	Volt	1
GM0503	G0503	Delft	Delft	PVV	Partij voor de Vrijheid	PVV	PVV (Partij voor de Vrijheid)	1
GM0503	G0503	Delft	Delft	FVD	Forum voor Democratie	FVD	Forum voor Democratie	1
GM0503	G0503	Delft	Delft	PvdD	Partij voor de dieren	PVDD	Partij voor de Dieren	1
GM0503	G0503	Delft	Delft	GroenLinks-PvdA	Groenlinks - Partij van de Arbeid	GLPVDA	GROENLINKS / Partij van de Arbeid (PvdA)	0.92
GM0505	G0505	Dordrecht	Dordrecht	VVD	Volkspartij voor Vrijheid en Democratie	VVD	VVD	1
GM0505	G0505	Dordrecht	Dordrecht	BVD	Beter voor Dordt	BVD	BETER VOOR DORDT	1
GM0505	G0505	Dordrecht	Dordrecht	VSP Dordrecht	VSP Dordrecht	VSPD	VSP Dordrecht	1
GM0505	G0505	Dordrecht	Dordrecht	ChristenUnie-SGP	ChristenUnie-Staatkundig Gereformeerde Partij	CUSGP	ChristenUnie-SGP	1
GM0505	G0505	Dordrecht	Dordrecht	CDA	Christen-Democratisch Appèl	CDA	CDA	1
GM0505	G0505	Dordrecht	Dordrecht	PvdD	Partij voor de Dieren	PVDD	Partij voor de Dieren	1
GM0505	G0505	Dordrecht	Dordrecht	Denk	Denk	DENK	DENK	1
GM0505	G0505	Dordrecht	Dordrecht	Gewoon Dordt	Gewoon Dordt	GDORDT	Gewoon Dordt	1
GM0505	G0505	Dordrecht	Dordrecht	Op Ons Eiland	Op Ons Eiland	OOEI	Op Ons Eiland	1
GM0505	G0505	Dordrecht	Dordrecht	SP	Socialistische Partij	SP	SP (Socialistische Partij)	1
GM0505	G0505	Dordrecht	Dordrecht	PVV	PVV	PVV	PVV (Partij voor de Vrijheid)	1
GM0505	G0505	Dordrecht	Dordrecht	FvD	Forum voor Democratie	FVD	Forum voor Democratie	1
GM0505	G0505	Dordrecht	Dordrecht	D66	D66	D66	D66	1
GM0505	G0505	Dordrecht	Dordrecht	Partij voor de Rechtsstaat	Partij voor de Rechtsstaat	PVDR	Partij voor de Rechtsstaat	1
GM0505	G0505	Dordrecht	Dordrecht	GRIP op Dordt	GRIP op Dordt	GRIOP	GRiP op Dordt	1
GM0505	G0505	Dordrecht	Dordrecht	GroenLinks-PvdA	Groenlinks - Partij van de Arbeid	GLPVDA	GROENLINKS / Partij van de Arbeid (PvdA)	0.92
GM0512	G0512	Gorinchem	Gorinchem	Stadsbelang	Stadsbelang Gorinchem	STADS	Stadsbelang	1
GM0512	G0512	Gorinchem	Gorinchem	VVD	Volkspartij voor Vrijheid en Democratie	VVD	VVD	1
GM0512	G0512	Gorinchem	Gorinchem	Gorcum Actief	Gorcum Actief	GORACT	Gorcum Actief	1
GM0512	G0512	Gorinchem	Gorinchem	D66	D66	D66	D66	1
GM0512	G0512	Gorinchem	Gorinchem	CDA	Christen-Democratisch Appèl	CDA	CDA	1
GM0512	G0512	Gorinchem	Gorinchem	SP	Socialistische Partij	SP	SP (Socialistische Partij)	1
GM0512	G0512	Gorinchem	Gorinchem	Democraten Gorinchem	Democraten Gorinchem	DEMGOR	DemocratenGorinchem	0.95
GM0512	G0512	Gorinchem	Gorinchem	CU-SGP	Christen Unie - Staatkundig Gerformeerde Partij	CUSGP	ChristenUnie-SGP	0.9
GM0512	G0512	Gorinchem	Gorinchem	GL-PvdA	GroenLinks-Partij van de Arbeid	PVDA	Partij van de Arbeid (PvdA)	0.88
GM0513	G0513	Gouda	Gouda	D66	D66	D66	D66	1
GM0513	G0513	Gouda	Gouda	ChristenUnie	ChristenUnie	CU	ChristenUnie	1
GM0513	G0513	Gouda	Gouda	Gouda Positief	Gouda Positief	GOUPOS	Gouda Positief	1
GM0513	G0513	Gouda	Gouda	VVD	Volkspartij voor Vrijheid en Democratie	VVD	VVD	1
GM0513	G0513	Gouda	Gouda	Gemeentebelangen Gouda	Gemeentebelangen Gouda	GEMBEL	Gemeentebelangen Gouda	1
GM0513	G0513	Gouda	Gouda	CDA	Christen-Democratisch Appèl	CDA	CDA	1
GM0513	G0513	Gouda	Gouda	SGP	Staatkundig Gereformeerde Partij	SGP	Staatkundig Gereformeerde Partij (SGP)	1
GM0513	G0513	Gouda	Gouda	PvdD	Partij voor de Dieren	PVDD	Partij voor de Dieren	1
GM0513	G0513	Gouda	Gouda	Gouda Vitaal	Gouda Vitaal	GOUVIT	Gouda Vitaal	1
GM0513	G0513	Gouda	Gouda	JA21	Juiste Antwoord 21	JA21	JA21	1
GM0513	G0513	Gouda	Gouda	Leefbaar Gouda	Leefbaar Gouda	LEEGOU	Leefbaar Gouda	1
GM0513	G0513	Gouda	Gouda	SP	Socialistische Partij	SP	SP (Socialistische Partij)	1
GM0513	G0513	Gouda	Gouda	Volt	Volt	VOLT	Volt	1
GM0513	G0513	Gouda	Gouda	GroenLinks-PvdA	Groenlinks - Partij van de Arbeid	GLPVDA	GROENLINKS / Partij van de Arbeid (PvdA)	0.92
GM0518	G0518	's-Gravenhage	Den Haag	D66	D66	D66	D66	1
GM0518	G0518	's-Gravenhage	Den Haag	VVD	VVD	VVD	VVD	1
GM0518	G0518	's-Gravenhage	Den Haag	Partij voor de Dieren	Partij voor de Dieren	PVDD	Partij voor de Dieren	1
GM0518	G0518	's-Gravenhage	Den Haag	CDA	CDA	CDA	CDA	1
GM0518	G0518	's-Gravenhage	Den Haag	DENK	DENK	DENK	DENK	1
GM0518	G0518	's-Gravenhage	Den Haag	Haagse Stadspartij	Haagse Stadspartij	HSP	Haagse Stadspartij	1
GM0518	G0518	's-Gravenhage	Den Haag	SP	SP	SP	SP (Socialistische Partij)	1
GM0518	G0518	's-Gravenhage	Den Haag	PVV	PVV	PVV	PVV (Partij voor de Vrijheid)	1
GM0518	G0518	's-Gravenhage	Den Haag	ChristenUnie-SGP	ChristenUnie-SGP	CUSGP	ChristenUnie-SGP	1
GM0518	G0518	's-Gravenhage	Den Haag	Forum voor Democratie	Forum voor Democratie	FVD	Forum voor Democratie	1
GM0518	G0518	's-Gravenhage	Den Haag	Volt	Volt	VOLT	Volt	1
GM0518	G0518	's-Gravenhage	Den Haag	NSC	NSC	NSC	Nieuw Sociaal Contract (NSC)	1
GM0518	G0518	's-Gravenhage	Den Haag	INL Den Haag	INL Den Haag	INLDH	INL Den Haag	1
GM0518	G0518	's-Gravenhage	Den Haag	Blanco (Çetinkaya, T.)	Blanco (Çetinkaya, T.)	BLANCOCT	Blanco (Çetinkaya, T.)	1
GM0518	G0518	's-Gravenhage	Den Haag	Partij voor de Rechtsstaat	Partij voor de Rechtsstaat	PVDR	Partij voor de Rechtsstaat	1
GM0518	G0518	's-Gravenhage	Den Haag	50PLUS	50PLUS	50PLUS	50PLUS	1
GM0518	G0518	's-Gravenhage	Den Haag	19. Blanco (Ramdhani, N.)	19. Blanco (Ramdhani, N.)	BLANCOR	Blanco (Ramdhani, N.)	0.93
GM0518	G0518	's-Gravenhage	Den Haag	GroenLinks-PvdA	GroenLinks-PvdA	GLPVDA	GROENLINKS / Partij van de Arbeid (PvdA)	0.92
GM0518	G0518	's-Gravenhage	Den Haag	Hart voor Den Haag	Hart voor Den Haag	HRTDHMOS	Hart voor Den Haag / Groep de Mos	0.88
GM0518	G0518	's-Gravenhage	Den Haag	Drerrie voor Den Haag	Drerrie voor Den Haag	DREVOO	Drerrie voor Den Haag (DvD)	0.88
GM0523	G0523	Hardinxveld-Giessendam	Hardinxveld-Giessendam	T@B	Transparante Partij voor Algemene Belang	TB	T@B	1
GM0523	G0523	Hardinxveld-Giessendam	Hardinxveld-Giessendam	SGP	Staatkundig Gereformeerde Partij	SGP	Staatkundig Gereformeerde Partij (SGP)	1
GM0523	G0523	Hardinxveld-Giessendam	Hardinxveld-Giessendam	ChristenUnie	ChristenUnie	CU	ChristenUnie	1
GM0523	G0523	Hardinxveld-Giessendam	Hardinxveld-Giessendam	CDA	Christen-Democratisch Appèl	CDA	CDA	1
GM0523	G0523	Hardinxveld-Giessendam	Hardinxveld-Giessendam	GroenLinks-PvdA	Groenlinks - Partij van de Arbeid	GLPVDA	GROENLINKS / Partij van de Arbeid (PvdA)	0.92
GM0531	G0531	Hendrik-Ido-Ambacht	Hendrik-Ido-Ambacht	SGP-ChristenUnie	Staatkundig Gereformeerde Partij-ChristenUnie	CUSGP	SGP-ChristenUnie	1
GM0531	G0531	Hendrik-Ido-Ambacht	Hendrik-Ido-Ambacht	Gemeente Belangen	Gemeente Belangen Hendrik Ido Ambacht	GEMBEL	Gemeente Belangen	1
GM0531	G0531	Hendrik-Ido-Ambacht	Hendrik-Ido-Ambacht	VVD	Volkspartij voor Vrijheid en Democratie	VVD	VVD	1
GM0531	G0531	Hendrik-Ido-Ambacht	Hendrik-Ido-Ambacht	Realistisch Ambacht	Realistisch Ambacht	REAMBA	Realistisch Ambacht	1
GM0531	G0531	Hendrik-Ido-Ambacht	Hendrik-Ido-Ambacht	CDA	Christen-Democratisch Appèl	CDA	CDA	1
GM0531	G0531	Hendrik-Ido-Ambacht	Hendrik-Ido-Ambacht	D66	D66	D66	D66	1
GM0531	G0531	Hendrik-Ido-Ambacht	Hendrik-Ido-Ambacht	GroenLinks-PvdA	Groenlinks - Partij van de Arbeid	GLPVDA	GROENLINKS / Partij van de Arbeid (PvdA)	0.92
GM0531	G0531	Hendrik-Ido-Ambacht	Hendrik-Ido-Ambacht	Echt voor Ambacht	Echt voor Ambacht	EVA	ECHT VOOR AMBACHT (E.V.A.)	0.88
GM0537	G0537	Katwijk	Katwijk	DURF	DURF	DURF	DURF	1
GM0537	G0537	Katwijk	Katwijk	CDA	Christen-Democratisch Appèl	CDA	CDA	1
GM0537	G0537	Katwijk	Katwijk	SGP	Staatkundig Gereformeerde Partij	SGP	Staatkundig Gereformeerde Partij (SGP)	1
GM0537	G0537	Katwijk	Katwijk	ChristenUnie	ChristenUnie	CU	ChristenUnie	1
GM0537	G0537	Katwijk	Katwijk	PvdA	Partij van de Arbeid	PVDA	Partij van de Arbeid (PvdA)	1
GM0537	G0537	Katwijk	Katwijk	VVD	Volkspartij voor Vrijheid en Democratie	VVD	VVD	1
GM0537	G0537	Katwijk	Katwijk	GemeenteBelangen	GemeenteBelangen	GEMBEL	GemeenteBelangen	1
GM0537	G0537	Katwijk	Katwijk	KiesKatwijk	KiesKatwijk	KIESKAT	KiesKatwijk	1
GM0537	G0537	Katwijk	Katwijk	D66	D66	D66	D66	1
GM0537	G0537	Katwijk	Katwijk	Samen voor KRV	Samen voor KRV	SAMENKRV	Samen voor KRV	1
GM0542	G0542	Krimpen aan den IJssel	Krimpen aan den IJssel	Samen voor Krimpen	Samen voor Krimpen	SAMENKR	Samen voor Krimpen	1
GM0542	G0542	Krimpen aan den IJssel	Krimpen aan den IJssel	Leefbaar Krimpen	Leefbaar Krimpen	LEEFBAAR	Leefbaar Krimpen	1
GM0542	G0542	Krimpen aan den IJssel	Krimpen aan den IJssel	SGP	Staatkundig Gereformeerde Partij	SGP	Staatkundig Gereformeerde Partij (SGP)	1
GM0542	G0542	Krimpen aan den IJssel	Krimpen aan den IJssel	VVD	Volkspartij voor Vrijheid en Democratie	VVD	VVD	1
GM0542	G0542	Krimpen aan den IJssel	Krimpen aan den IJssel	CDA	Christen-Democratisch Appèl	CDA	CDA	1
GM0542	G0542	Krimpen aan den IJssel	Krimpen aan den IJssel	D66	D66	D66	D66	1
GM0542	G0542	Krimpen aan den IJssel	Krimpen aan den IJssel	GroenLinks-PvdA	Groenlinks - Partij van de Arbeid	GLPVDA	Partij van de Arbeid (PvdA) / GROENLINKS	0.92
GM0546	G0546	Leiden	Leiden	D66	D66	D66	D66	1
GM0546	G0546	Leiden	Leiden	VVD	Volkspartij voor Vrijheid en Democratie	VVD	VVD	1
GM0546	G0546	Leiden	Leiden	PvdD	Partij voor de Dieren	PVDD	Partij voor de Dieren	1
GM0546	G0546	Leiden	Leiden	CDA	Christen-Democratisch Appèl	CDA	CDA	1
GM0546	G0546	Leiden	Leiden	SP	Socialistische Partij	SP	SP (Socialistische Partij)	1
GM0546	G0546	Leiden	Leiden	ChristenUnie	ChristenUnie	CU	ChristenUnie	1
GM0546	G0546	Leiden	Leiden	Volt	Volt	VOLT	Volt	1
GM0546	G0546	Leiden	Leiden	FvD	Forum voor Democratie	FVD	Forum voor Democratie	1
GM0546	G0546	Leiden	Leiden	GroenLinks-PvdA	Groenlinks - Partij van de Arbeid	GLPVDA	GROENLINKS / Partij van de Arbeid (PvdA)	0.92
GM0546	G0546	Leiden	Leiden	Partij Sleutelstad	Partij Sleutelstad	PS	Partij Sleutelstad: De Leidse Lijst	0.88
GM0546	G0546	Leiden	Leiden	Studenten voor Leiden	Studenten voor Leiden	SVL	Studenten voor Leiden (SVL)	0.88
GM0556	G0556	Maassluis	Maassluis	VSP	VSP	VSP	VSP Maassluis	1
GM0556	G0556	Maassluis	Maassluis	CDA	Christen-Democratisch Appèl	CDA	CDA	1
GM0556	G0556	Maassluis	Maassluis	VVD	Volkspartij voor Vrijheid en Democratie	VVD	VVD	1
GM0556	G0556	Maassluis	Maassluis	D66	D66	D66	D66	1
GM0556	G0556	Maassluis	Maassluis	ChristenUnie	ChristenUnie	CU	ChristenUnie	1
GM0556	G0556	Maassluis	Maassluis	Leefbaar Maessluys	Leefbaar Maessluys	LEEFMS	Leefbaar Maessluys	1
GM0556	G0556	Maassluis	Maassluis	Partij van de Arbeid (PvdA) / GroenLinks Maassluis	Partij van de Arbeid (PvdA) / GroenLinks Maassluis	GLPVDA	Partij van de Arbeid (PvdA) / GROENLINKS	0.92
GM0569	G0569	Nieuwkoop	Nieuwkoop	Samen Beter Nieuwkoop	Samen Beter Nieuwkoop	SBN	Samen Beter Nieuwkoop	1
GM0569	G0569	Nieuwkoop	Nieuwkoop	VVD	Volkspartij voor Vrijheid en Democratie	VVD	VVD	1
GM0569	G0569	Nieuwkoop	Nieuwkoop	CDA	Christen-Democratisch Appèl	CDA	CDA	1
GM0569	G0569	Nieuwkoop	Nieuwkoop	Natuurlijk Nieuwkoop	Natuurlijk Nieuwkoop	NATNIEUW	Natuurlijk Nieuwkoop	1
GM0569	G0569	Nieuwkoop	Nieuwkoop	D66	D66	D66	D66	1
GM0569	G0569	Nieuwkoop	Nieuwkoop	SGP-ChristenUnie	SGP-ChristenUnie	CUSGP	SGP-ChristenUnie	1
GM0575	G0575	Noordwijk	Noordwijk	VVD	Volkspartij voor Vrijheid en Democratie	VVD	VVD	1
GM0575	G0575	Noordwijk	Noordwijk	Partij voor de inwoners	Partij voor de inwoners	PVDIN	Partij voor de Inwoners	1
GM0575	G0575	Noordwijk	Noordwijk	NZLokaal	NZLokaal	NZLOK	NZLokaal	1
GM0575	G0575	Noordwijk	Noordwijk	CDA	Christen-Democratisch Appèl	CDA	CDA	1
GM0575	G0575	Noordwijk	Noordwijk	PUUR	PUUR	PUUR	PUUR	1
GM0575	G0575	Noordwijk	Noordwijk	Lijst Salman Noordwijk	Lijst Salman Noordwijk	LSN	Lijst Salman Noordwijk	1
GM0575	G0575	Noordwijk	Noordwijk	D66	D66	D66	D66	1
GM0575	G0575	Noordwijk	Noordwijk	Helder	Helder	HELDER	HELDER	1
GM0575	G0575	Noordwijk	Noordwijk	ONS Noordwijk	ONS Noordwijk	ONSNOO	ONS Noordwijk	1
GM0575	G0575	Noordwijk	Noordwijk	FvD	Forum voor Democratie	FVD	Forum voor Democratie	1
GM0575	G0575	Noordwijk	Noordwijk	GroenLinks-PvdA	Groenlinks - Partij van de Arbeid	GLPVDA	GROENLINKS / Partij van de Arbeid (PvdA)	0.92
GM0589	G0589	Oudewater	Oudewater	CDA	Christen-Democratisch Appèl	CDA	CDA	1
GM0589	G0589	Oudewater	Oudewater	VVD	Volkspartij voor Vrijheid en Democratie	VVD	VVD	1
GM0589	G0589	Oudewater	Oudewater	De Onafhankelijken	De Onafhankelijken	ONAF	De Onafhankelijken	1
GM0589	G0589	Oudewater	Oudewater	Progressief Oudewater	Progressief Oudewater	PROOUD	Progressief Oudewater	1
GM0589	G0589	Oudewater	Oudewater	ChristenUnie-SGP	ChristenUnie-SGP	CUSGP	ChristenUnie-SGP	1
GM0590	G0590	Papendrecht	Papendrecht	PAB	Papendrechts Algemeen Belang	PAB	PAPENDRECHTS ALGEMEEN BELANG	1
GM0590	G0590	Papendrecht	Papendrecht	Onafhankelijk Papendrecht	Onafhankelijk Papendrecht	OPAP	Onafhankelijk Papendrecht	1
GM0590	G0590	Papendrecht	Papendrecht	VVD	Volkspartij voor Vrijheid en Democratie	VVD	VVD	1
GM0590	G0590	Papendrecht	Papendrecht	CDA	Christen-Democratisch Appèl	CDA	CDA	1
GM0590	G0590	Papendrecht	Papendrecht	ChristenUnie	ChristenUnie	CU	ChristenUnie	1
GM0590	G0590	Papendrecht	Papendrecht	D66	D66	D66	D66	1
GM0590	G0590	Papendrecht	Papendrecht	SGP	Staatkundig Gereformeerde Partij	SGP	Staatkundig Gereformeerde Partij (SGP)	1
GM0590	G0590	Papendrecht	Papendrecht	Realistisch Papendrecht	Realistisch Papendrecht	REAPAP	Realistisch Papendrecht	1
GM0590	G0590	Papendrecht	Papendrecht	50PLUS	50PLUS	50PLUS	50PLUS	1
GM0590	G0590	Papendrecht	Papendrecht	PVV	Partij voor de Vrijheid	PVV	PVV (Partij voor de Vrijheid)	1
GM0590	G0590	Papendrecht	Papendrecht	GroenLinks-PvdA	Groenlinks - Partij van de Arbeid	GLPVDA	GROENLINKS / Partij van de Arbeid (PvdA)	0.92
GM0597	G0597	Ridderkerk	Ridderkerk	Partij 18PLUS	Partij 18PLUS	P18PLUS	Partij 18PLUS	1
GM0597	G0597	Ridderkerk	Ridderkerk	SGP	Staatkundig Gereformeerde Partij	SGP	Staatkundig Gereformeerde Partij (SGP)	1
GM0597	G0597	Ridderkerk	Ridderkerk	Leefbaar Ridderkerk	Leefbaar Ridderkerk	LEEFBAAR	Leefbaar Ridderkerk	1
GM0597	G0597	Ridderkerk	Ridderkerk	ChristenUnie	ChristenUnie	CU	ChristenUnie	1
GM0597	G0597	Ridderkerk	Ridderkerk	CDA	Christen-Democratisch Appèl	CDA	CDA	1
GM0597	G0597	Ridderkerk	Ridderkerk	VVD	Volkspartij voor Vrijheid en Democratie	VVD	VVD	1
GM0597	G0597	Ridderkerk	Ridderkerk	PvdA	PvdA	PVDA	Partij van de Arbeid (PvdA)	1
GM0597	G0597	Ridderkerk	Ridderkerk	GroenLinks	GroenLinks	GL	GROENLINKS	1
GM0597	G0597	Ridderkerk	Ridderkerk	Burger 1	Burger 1	BOP1	Burger op 1	0.9
GM0597	G0597	Ridderkerk	Ridderkerk	Echt voor Ridderkerk	Echt voor Ridderkerk	EVR	Echt voor Ridderkerk (EvR)	0.88
GM0599	G0599	Rotterdam	Rotterdam	Leefbaar Rotterdam	Leefbaar Rotterdam	LEEFBAR	Leefbaar Rotterdam	1
GM0599	G0599	Rotterdam	Rotterdam	VVD	Volkspartij voor Vrijheid en Democratie	VVD	VVD	1
GM0599	G0599	Rotterdam	Rotterdam	D66	D66	D66	D66	1
GM0599	G0599	Rotterdam	Rotterdam	DENK	DENK	DENK	DENK	1
GM0599	G0599	Rotterdam	Rotterdam	Volt	Volt	VOLT	Volt	1
GM0599	G0599	Rotterdam	Rotterdam	Partij voor de Dieren	Partij voor de Dieren	PVDD	Partij voor de Dieren	1
GM0599	G0599	Rotterdam	Rotterdam	BIJ1	BIJ1	BIJ1	BIJ1	1
GM0599	G0599	Rotterdam	Rotterdam	50PLUS	50PLUS	50PLUS	50PLUS	1
GM0599	G0599	Rotterdam	Rotterdam	ChristenUnie	ChristenUnie	CU	ChristenUnie	1
GM0599	G0599	Rotterdam	Rotterdam	SP	Socialistische Partij	SP	SP (Socialistische Partij)	1
GM0599	G0599	Rotterdam	Rotterdam	CDA	Christen-Democratisch Appèl	CDA	CDA	1
GM0599	G0599	Rotterdam	Rotterdam	FvD	Forum voor Democratie	FVD	Forum voor Democratie	1
GM0599	G0599	Rotterdam	Rotterdam	PartijvdSport	PartijvdSport	PVDSPO	PARTIJvdSPORT	1
GM0599	G0599	Rotterdam	Rotterdam	Vrede voor Dieren	Vrede voor Dieren	VREDEVD	Vrede voor dieren	1
GM0599	G0599	Rotterdam	Rotterdam	JOU, Lijst Verkoelen	JOU, Lijst Verkoelen	JOULV	JOU, lijst Verkoelen	1
GM0599	G0599	Rotterdam	Rotterdam	Rotterdam NEXT	Rotterdam NEXT	RNEXT	Rotterdam NEXT	1
GM0599	G0599	Rotterdam	Rotterdam	SGP	Staatkundig Gereformeerde Partij	SGP	Staatkundig Gereformeerde Partij (SGP)	1
GM0599	G0599	Rotterdam	Rotterdam	Wij Kleurrijk Rotterdam	Wij Kleurrijk Rotterdam	WKR	Wij kleurrijk Rotterdam	1
GM0599	G0599	Rotterdam	Rotterdam	Wij van de Wijk	Wij van de Wijk	WVDWIJK	Wij van de wijk	1
GM0599	G0599	Rotterdam	Rotterdam	GroenLinks-PvdA	GroenLinks - Partij van de Arbeid	GLPVDA	GROENLINKS / Partij van de Arbeid (PvdA)	0.92
GM0599	G0599	Rotterdam	Rotterdam	PBAR(Politieke Beweging Armoedebestrijding)	PBAR(Politieke Beweging Armoedebestrijding)	BAR	Beweging Armoedebestrijding Rotterdam (PBAR)	0.9
GM0603	G0603	Rijswijk (ZH.)	Rijswijk	Rijswijks Belang	Rijswijks Belang	RB	Rijswijks Belang	1
GM0603	G0603	Rijswijk (ZH.)	Rijswijk	D66	D66	D66	D66	1
GM0603	G0603	Rijswijk (ZH.)	Rijswijk	VVD	Volkspartij voor Vrijheid en Democratie	VVD	VVD	1
GM0603	G0603	Rijswijk (ZH.)	Rijswijk	CDA	Christen-Democratisch Appèl	CDA	CDA	1
GM0603	G0603	Rijswijk (ZH.)	Rijswijk	DENK-PGenR	DENK - Partij voor Gelijkheid & Rechtvaardigheid	PGR	DENK-PGenR	1
GM0603	G0603	Rijswijk (ZH.)	Rijswijk	FvD	Forum voor Democratie	FVD	Forum voor Democratie	1
GM0603	G0603	Rijswijk (ZH.)	Rijswijk	Wij. Rijswijk	Wij. Rijswijk	WIJ	Wij	0.93
GM0603	G0603	Rijswijk (ZH.)	Rijswijk	GroenLinks-PvdA	Groenlinks - Partij van de Arbeid	GLPVDA	GROENLINKS / Partij van de Arbeid (PvdA)	0.92
GM0603	G0603	Rijswijk (ZH.)	Rijswijk	Beter voor Rijswijk	Beter voor Rijswijk	BVR	BETER VOOR RIJSWIJK (BVR)	0.88
GM0606	G0606	Schiedam	Schiedam	GroenLinks-PvdA-Progressief Schiedam	GroenLinks-Partij van de Arbeid-Progressief Schiedam	GROSCH	GROENLINKS-PvdA-Progressief Schiedam	1
GM0606	G0606	Schiedam	Schiedam	VVD	Volkspartij voor Vrijheid en Democratie	VVD	VVD	1
GM0606	G0606	Schiedam	Schiedam	Denk	Denk	DENK	DENK	1
GM0606	G0606	Schiedam	Schiedam	D66	D66	D66	D66	1
GM0606	G0606	Schiedam	Schiedam	CDA	Christen-Democratisch Appèl	CDA	CDA	1
GM0606	G0606	Schiedam	Schiedam	FvD	Forum voor Democratie	FVD	Forum voor Democratie	1
GM0606	G0606	Schiedam	Schiedam	Alles voor Schiedam	Alles voor Schiedam	ALLESVS	Alles voor Schiedam	1
GM0606	G0606	Schiedam	Schiedam	PvdD	Partij voor de Dieren	PVDD	Partij voor de Dieren	1
GM0606	G0606	Schiedam	Schiedam	50PLUS	50PLUS	50PLUS	50PLUS	1
GM0606	G0606	Schiedam	Schiedam	Ouderen partij Schiedam	Ouderen partij Schiedam	OPS	OuderenPartij Schiedam	0.9565217391304348
GM0606	G0606	Schiedam	Schiedam	Lijst Verspeek	Lijst Verspeek	LIJMAR	Lijst Mark Verspeek	0.9
GM0606	G0606	Schiedam	Schiedam	Lokaal Onafhankelijk Schiedam	Lokaal Onafhankelijk Schiedam	LOS	Lokaal Onafhankelijk Schiedam (L.O.S.)	0.88
GM0610	G0610	Sliedrecht	Sliedrecht	SGP-Christenunie	Staatskundig Gereformeerde Partij - ChristenUnie	CUSGP	SGP-ChristenUnie	1
GM0610	G0610	Sliedrecht	Sliedrecht	PRO Sliedrecht	Pro Sliiedrecht	PROSLIED	PRO Sliedrecht	1
GM0610	G0610	Sliedrecht	Sliedrecht	CDA	Christen-Democratisch Appèl	CDA	CDA	1
GM0610	G0610	Sliedrecht	Sliedrecht	Slydregt.NU	Slydregt.Nu	SLYDNU	Slydregt.NU	1
GM0610	G0610	Sliedrecht	Sliedrecht	VVD	Volkspartij voor Vrijheid en Democratie	VVD	VVD	1
GM0610	G0610	Sliedrecht	Sliedrecht	D66	Democraten 66	D66	D66	1
GM0610	G0610	Sliedrecht	Sliedrecht	GroenLinks-PvdA	Groenlinks - Partij van de Arbeid	GLPVDA	GROENLINKS / Partij van de Arbeid (PvdA)	0.92
GM0622	G0622	Vlaardingen	Vlaardingen	VVD	Volkspartij voor Vrijheid en Democratie	VVD	VVD	1
GM0622	G0622	Vlaardingen	Vlaardingen	ONS.Vlaardingen	ONS.Vlaardingen	ONSVLA	ONS.Vlaardingen	1
GM0622	G0622	Vlaardingen	Vlaardingen	SP	Socialistische Partij	SP	SP (Socialistische Partij)	1
GM0622	G0622	Vlaardingen	Vlaardingen	VV2000/Leefbaar Vlaardingen	VV2000/Leefbaar Vlaardingen	V2000LFB	VV2000/Leefbaar Vlaardingen	1
GM0622	G0622	Vlaardingen	Vlaardingen	CDA	Christen-Democratisch Appèl	CDA	CDA	1
GM0622	G0622	Vlaardingen	Vlaardingen	D66	Democraten 66	D66	D66	1
GM0622	G0622	Vlaardingen	Vlaardingen	ChristenUnie-SGP	ChristenUnie-Staatkundig Gereformeerde Partij	CUSGP	ChristenUnie-SGP	1
GM0622	G0622	Vlaardingen	Vlaardingen	AOV	Algemeen Ouderen Verbond	AOV	Algemeen Ouderen Verbond (AOV)	1
GM0622	G0622	Vlaardingen	Vlaardingen	DENK	DENK Vlaardingen	DENK	DENK	1
GM0622	G0622	Vlaardingen	Vlaardingen	Heel de Stad	Heel de Stad	HDS	HEEL DE STAD	1
GM0622	G0622	Vlaardingen	Vlaardingen	Beter voor Vlaardingen	Beter voor Vlaardingen	BETVLA	Beter voor Vlaardingen	1
GM0622	G0622	Vlaardingen	Vlaardingen	50PLUS	50PLUS	50PLUS	50PLUS	1
GM0622	G0622	Vlaardingen	Vlaardingen	GL-PvdA	GroenLinks - Partij van de Arbeid	GLPVDA	GROENLINKS / Partij van de Arbeid (PvdA)	0.92
GM0626	G0626	Voorschoten	Voorschoten	VVD	Volkspartij voor Vrijheid en Democratie	VVD	VVD	1
GM0626	G0626	Voorschoten	Voorschoten	Voorschoten Lokaal	Voorschoten Lokaal	VLOK	Voorschoten Lokaal	1
GM0626	G0626	Voorschoten	Voorschoten	CDA	Christen-Democratisch Appèl	CDA	CDA	1
GM0626	G0626	Voorschoten	Voorschoten	D66	D66	D66	D66	1
GM0626	G0626	Voorschoten	Voorschoten	SP	Socialistische Partij	SP	SP (Socialistische Partij)	1
GM0626	G0626	Voorschoten	Voorschoten	FvD	Forum voor Democratie	FVD	Forum voor Democratie	1
GM0626	G0626	Voorschoten	Voorschoten	GroenLinks-PvdA	Groenlinks - Partij van de Arbeid	GLPVDA	GROENLINKS / Partij van de Arbeid (PvdA)	0.92
GM0627	G0627	Waddinxveen	Waddinxveen	PCW	Protestantse Combinatie Waddinxveen	PCW	PCW www.kiespcw.nl	1
GM0627	G0627	Waddinxveen	Waddinxveen	CDA	Christen-Democratisch Appèl	CDA	CDA	1
GM0627	G0627	Waddinxveen	Waddinxveen	VVD	Volkspartij voor Vrijheid en Democratie	VVD	VVD	1
GM0627	G0627	Waddinxveen	Waddinxveen	D66	D66	D66	D66	1
GM0627	G0627	Waddinxveen	Waddinxveen	GroenLinks-PvdA	Groenlinks - Partij van de Arbeid	GLPVDA	GROENLINKS / Partij van de Arbeid (PvdA)	0.92
GM0627	G0627	Waddinxveen	Waddinxveen	Weerbaar Waddinxveen	Weerbaar Waddinxveen	WEWA	WEWA (Weerbaar Waddinxveen)	0.88
GM0629	G0629	Wassenaar	Wassenaar	VVD	Volkspartij voor Vrijheid en Democratie	VVD	VVD	1
GM0629	G0629	Wassenaar	Wassenaar	Hart voor Wassenaar	Hart voor Wassenaar	HWASS	Hart voor Wassenaar	1
GM0629	G0629	Wassenaar	Wassenaar	Lokaal Wassenaar!	Lokaal Wassenaar!	LOKWAS	Lokaal Wassenaar!	1
GM0629	G0629	Wassenaar	Wassenaar	CDA	Christen-Democratisch Appèl	CDA	CDA	1
GM0629	G0629	Wassenaar	Wassenaar	D66	D66	D66	D66	1
GM0629	G0629	Wassenaar	Wassenaar	FvD	Forum voor Democratie	FVD	Forum voor Democratie	1
GM0629	G0629	Wassenaar	Wassenaar	Volt	Volt	VOLT	Volt	1
GM0629	G0629	Wassenaar	Wassenaar	GroenLinks-PvdA	Groenlinks - Partij van de Arbeid	GLPVDA	GROENLINKS / Partij van de Arbeid (PvdA)	0.92
GM0629	G0629	Wassenaar	Wassenaar	Democratische Liberalen Wassenaar	Democratische Liberalen Wassenaar	DLW	Democratische Liberalen Wassenaar (DLW)	0.8918918918918919
GM0632	G0632	Woerden	Woerden	Woerden & Democratie	Woerden & Democratie	WDEM	Woerden & Democratie	1
GM0632	G0632	Woerden	Woerden	VVD	VVD	VVD	VVD	1
GM0632	G0632	Woerden	Woerden	D66	D66	D66	D66	1
GM0632	G0632	Woerden	Woerden	VOLT	VOLT	VOLT	Volt	1
GM0632	G0632	Woerden	Woerden	ChristenUnie-SGP	ChristenUnie-SGP	CUSGP	ChristenUnie-SGP	1
GM0632	G0632	Woerden	Woerden	CDA	CDA	CDA	CDA	1
GM0632	G0632	Woerden	Woerden	Lijst van der Does	Lijst van der Does	VDDOES	LijstvanderDoes	0.9
GM0632	G0632	Woerden	Woerden	Inwonersbelangen Woerden	Inwonersbelangen Woerden	INWOBEL	Inwonersbelangen	0.88
GM0632	G0632	Woerden	Woerden	Progressief Woerden	Progressief Woerden	PRGLPVDA	Progressief Woerden (PvdA/GROENLINKS)	0.88
GM0637	G0637	Zoetermeer	Zoetermeer	VVD	Volkspartij voor Vrijheid en Democratie	VVD	VVD	1
GM0637	G0637	Zoetermeer	Zoetermeer	LHN	Lijst Hilbrand Nawijn	LHN	LHN	1
GM0637	G0637	Zoetermeer	Zoetermeer	PDvZ	Partij Democratie voor Zoetermeer	PDVZ	PDvZ (Partij Democratie voor Zoetermeer)	1
GM0637	G0637	Zoetermeer	Zoetermeer	Zó! Zoetermeer	Zó! Zoetermeer	ZOZO	Zó! Zoetermeer	1
GM0637	G0637	Zoetermeer	Zoetermeer	Zoetermeer Vooruit	Zoetermeer Vooruit	ZV	Zoetermeer Vooruit	1
GM0637	G0637	Zoetermeer	Zoetermeer	D66	D66	D66	D66	1
GM0637	G0637	Zoetermeer	Zoetermeer	PVV	Partij voor de Vrijheid	PVV	PVV (Partij voor de Vrijheid)	1
GM0637	G0637	Zoetermeer	Zoetermeer	SP	Socialistische Partij	SP	SP (Socialistische Partij)	1
GM0637	G0637	Zoetermeer	Zoetermeer	CDA	Christen-Democratisch Appèl	CDA	CDA	1
GM0637	G0637	Zoetermeer	Zoetermeer	ChristenUnie-SGP	ChristenUnie - Staatkundig Gereformeerde Partij	CUSGP	ChristenUnie-SGP	1
GM0637	G0637	Zoetermeer	Zoetermeer	50PLUS	50PLUS	50PLUS	50PLUS	1
GM0637	G0637	Zoetermeer	Zoetermeer	NSC	Nieuw Sociaal Contract	NSC	NSC	1
GM0637	G0637	Zoetermeer	Zoetermeer	GroenLinks-PvdA	GroenLinks - Partij van de Arbeid	GLPVDA	GROENLINKS / Partij van de Arbeid (PvdA)	0.92
GM0638	G0638	Zoeterwoude	Zoeterwoude	CDA	Christen-Democratisch Appél	CDA	CDA	1
GM0638	G0638	Zoeterwoude	Zoeterwoude	VVD	Volkspartij voor Vrijheid en Democratie	VVD	VVD	1
GM0638	G0638	Zoeterwoude	Zoeterwoude	Belang van Zoeterwoude	Belang van Zoeterwoude	BELVAN	Belang van Zoeterwoude	1
GM0638	G0638	Zoeterwoude	Zoeterwoude	Zoeterwoude Zelfstandig Vooruit	Zoeterwoude Zelfstandig Vooruit	ZZV	Zoeterwoude Zelfstandig Vooruit (ZZV)	0.8857142857142857
GM0638	G0638	Zoeterwoude	Zoeterwoude	Progressief Zoeterwoude	Progressief Zoeterwoude	PZ	Progressief Zoeterwoude (PZ)	0.8846153846153846
GM0642	G0642	Zwijndrecht	Zwijndrecht	ABZ	Algemeen belang Zwijndrecht	ABZ	Algemeen Belang Zwijndrecht	1
GM0642	G0642	Zwijndrecht	Zwijndrecht	ChristenUnie-SGP	ChristenUnie-SGP	CUSGP	ChristenUnie-SGP	1
GM0642	G0642	Zwijndrecht	Zwijndrecht	VVD	Volkspartij voor Vrijheid en Democratie	VVD	VVD	1
GM0642	G0642	Zwijndrecht	Zwijndrecht	CDA	Christen-Democratisch Appél	CDA	CDA	1
GM0642	G0642	Zwijndrecht	Zwijndrecht	D66	D66	D66	D66	1
GM0642	G0642	Zwijndrecht	Zwijndrecht	Partij Voor De Rechtsstaat 	Partij Voor De Rechtsstaat 	PVDR	Partij voor de Rechtsstaat	1
GM0642	G0642	Zwijndrecht	Zwijndrecht	GroenLinks-PvdA	GroenLinks - Partij van de Arbeid	GLPVDA	GROENLINKS / Partij van de Arbeid (PvdA)	0.92
GM0654	G0654	Borsele	Borsele	Lokale Partij Borsele	Lokale Partij Borsele	LOKBOR	Lokale Partij Borsele	1
GM0654	G0654	Borsele	Borsele	SGP-ChristenUnie	Staatkundig Gereformeerde Partij-ChristenUnie	CUSGP	SGP-ChristenUnie	1
GM0654	G0654	Borsele	Borsele	CDA	Christen-Democratisch Appèl	CDA	CDA	1
GM0654	G0654	Borsele	Borsele	VVD	Volkspartij voor Vrijheid en Democratie	VVD	VVD	1
GM0654	G0654	Borsele	Borsele	D66	D66	D66	D66	1
GM0654	G0654	Borsele	Borsele	SP	SP Borsele	SP	SP (Socialistische Partij)	1
GM0654	G0654	Borsele	Borsele	GroenLinks-PvdA	Groenlinks - Partij van de Arbeid	GLPVDA	Partij van de Arbeid (PvdA) / GROENLINKS	0.92
GM0664	G0664	Goes	Goes	CDA	Christen-Democratisch Appèl	CDA	CDA	1
GM0664	G0664	Goes	Goes	VVD	Volkspartij voor Vrijheid en Democratie	VVD	VVD	1
GM0664	G0664	Goes	Goes	SGP-ChristenUnie	Staatkundig Gereformeerde Partij-ChristenUnie	CUSGP	SGP-ChristenUnie	1
GM0664	G0664	Goes	Goes	Partij voor Goes	Partij voor Goes	GOES	Partij voor Goes	1
GM0664	G0664	Goes	Goes	D66	D66	D66	D66	1
GM0664	G0664	Goes	Goes	GroenLinks-PvdA	Groenlinks - Partij van de Arbeid	GLPVDA	GROENLINKS / Partij van de Arbeid (PvdA)	0.92
GM0664	G0664	Goes	Goes	Nieuw Goes	Nieuw Goes	NG	NG (Nieuw Goes)	0.88
GM0664	G0664	Goes	Goes	BVNL	Belang van Nederland	BELVAN	Belang Van Nederland (BVNL)	0.88
GM0668	G0668	West Maas en Waal	West Maas en Waal	VVD	Volkspartij voor Vrijheid en Democratie	VVD	VVD	1
GM0668	G0668	West Maas en Waal	West Maas en Waal	Sociaal Maas en Waal	Sociaal Maas en Waal	SMW	Sociaal Maas en Waal	1
GM0668	G0668	West Maas en Waal	West Maas en Waal	CDA	Christen-Democratisch Appèl	CDA	CDA	1
GM0668	G0668	West Maas en Waal	West Maas en Waal	FD Boven-Leeuwen	FD Boven-Leeuwen	FDBL	F.D. Boven-Leeuwen	0.9411764705882353
GM0668	G0668	West Maas en Waal	West Maas en Waal	FD Maasdorpen	Federatie Dorpslijsten Maasdorpen	FDM	F.D. Maasdorpen	0.9285714285714286
GM0668	G0668	West Maas en Waal	West Maas en Waal	FD Dreumel	Federatie Dorpslijsten Dreumel	FDDREU	F.D. Dreumel	0.9090909090909091
GM0668	G0668	West Maas en Waal	West Maas en Waal	FD Wamel	Federatie Dorpslijsten Wamel	FDWAMEL	F.D. Wamel	0.8888888888888888
GM0668	G0668	West Maas en Waal	West Maas en Waal	Partij Beneden-Leeuwen	Federatie Dorpslijsten Partij Beneden-Leeuwen	FDP	FD Partij Beneden-Leeuwen	0.88
GM0677	G0677	Hulst	Hulst	ABGH	Algemeen Belang Groot Hulst	ABGH	Algemeen Belang Groot Hulst	1
GM0677	G0677	Hulst	Hulst	CDA	Christen-Democratisch Appèl	CDA	CDA	1
GM0677	G0677	Hulst	Hulst	VVD	Volkspartij voor Vrijheid en Democratie	VVD	VVD	1
GM0677	G0677	Hulst	Hulst	D66	D66	D66	D66	1
GM0677	G0677	Hulst	Hulst	BVNL	Belang van Nederland	BVNL	Belang van Nederland (BVNL)	1
GM0677	G0677	Hulst	Hulst	SP	Socialistische Partij	SP	SP (Socialistische Partij)	1
GM0677	G0677	Hulst	Hulst	Groot-Hortenisse-Hulst+	Groot-Hortenisse-Hulst+	GHULST	Groot Hontenisse - Hulst	0.9545454545454546
GM0677	G0677	Hulst	Hulst	GroenLinks-PvdA	Groenlinks - Partij van de Arbeid	GLPVDA	Partij van de Arbeid (PvdA) / GROENLINKS	0.92
GM0677	G0677	Hulst	Hulst	Bouwen van Onderop	Bouwen van Onderop	BVO	BvO - Bouwen van Onderop	0.88
GM0678	G0678	Kapelle	Kapelle	VVD	Volkspartij voor Vrijheid en Democratie	VVD	VVD	1
GM0678	G0678	Kapelle	Kapelle	Gemeentebelang	Gemeentebelang Kapelle	GEMBEL	Gemeentebelang	1
GM0678	G0678	Kapelle	Kapelle	SGP	Staatkundig Gereformeerde Partij	SGP	Staatkundig Gereformeerde Partij (SGP)	1
GM0678	G0678	Kapelle	Kapelle	CDA	Christen-Democratisch Appèl	CDA	CDA	1
GM0678	G0678	Kapelle	Kapelle	ChristenUnie	ChristenUnie	CU	ChristenUnie	1
GM0678	G0678	Kapelle	Kapelle	D66	D66	D66	D66	1
GM0678	G0678	Kapelle	Kapelle	GroenLinks-PvdA	Groenlinks - Partij van de Arbeid	GLPVDA	GROENLINKS / Partij van de Arbeid (PvdA)	0.92
GM0687	G0687	Middelburg (Z.)	Middelburg	Lokale Partij Middelburg	Lokale Partij Middelburg	LOKMID	Lokale Partij Middelburg	1
GM0687	G0687	Middelburg (Z.)	Middelburg	SGP	Staatkundig Gereformeerde Partij	SGP	Staatkundig Gereformeerde Partij (SGP)	1
GM0687	G0687	Middelburg (Z.)	Middelburg	CDA	Christen-Democratisch Appèl	CDA	CDA	1
GM0687	G0687	Middelburg (Z.)	Middelburg	D66	D66	D66	D66	1
GM0687	G0687	Middelburg (Z.)	Middelburg	ChristenUnie	ChristenUnie	CU	ChristenUnie	1
GM0687	G0687	Middelburg (Z.)	Middelburg	VVD	Volkspartij voor Vrijheid en Democratie	VVD	VVD	1
GM0687	G0687	Middelburg (Z.)	Middelburg	SP	Socialistische Partij	SP	SP (Socialistische Partij)	1
GM0687	G0687	Middelburg (Z.)	Middelburg	Hart voor Middelburg	Hart voor Middelburg	HARVOO	Hart voor Middelburg	1
GM0687	G0687	Middelburg (Z.)	Middelburg	Partij voor de Dieren	Partij voor de Dieren	PVDD	Partij voor de Dieren	1
GM0687	G0687	Middelburg (Z.)	Middelburg	GroenLinks-PvdA	Groenlinks - Partij van de Arbeid	GLPVDA	GROENLINKS / Partij van de Arbeid (PvdA)	0.92
GM0687	G0687	Middelburg (Z.)	Middelburg	BVNL	Belang van Nederland	BELVAN	Belang Van Nederland (BVNL)	0.88
GM0703	G0703	Reimerswaal	Reimerswaal	SGP	Staatkundig Gereformeerde Partij	SGP	Staatkundig Gereformeerde Partij (SGP)	1
GM0703	G0703	Reimerswaal	Reimerswaal	Leefbaar Reimerswaal	Leefbaar Reimerswaal	LEEF	LEEFBAAR REIMERSWAAL	1
GM0703	G0703	Reimerswaal	Reimerswaal	ChristenUnie	ChristenUnie	CU	ChristenUnie	1
GM0703	G0703	Reimerswaal	Reimerswaal	VVD	Volkspartij voor Vrijheid en Democratie	VVD	VVD	1
GM0703	G0703	Reimerswaal	Reimerswaal	CDA	Christen-Democratisch Appèl	CDA	CDA	1
GM0703	G0703	Reimerswaal	Reimerswaal	GroenLinks-PvdA	Groenlinks - Partij van de Arbeid	GLPVDA	GROENLINKS / Partij van de Arbeid (PvdA)	0.92
GM0715	G0715	Terneuzen	Terneuzen	TOP!	Top Gemeentebelangen	TOPGEM	TOP/GEMEENTEBELANGEN	1
GM0715	G0715	Terneuzen	Terneuzen	CDA	Christen-Democratisch Appèl	CDA	CDA	1
GM0715	G0715	Terneuzen	Terneuzen	VVD	Volkspartij voor Vrijheid en Democratie	VVD	VVD	1
GM0715	G0715	Terneuzen	Terneuzen	PVV	PVV	PVV	PVV (Partij voor de Vrijheid)	1
GM0715	G0715	Terneuzen	Terneuzen	ChristenUnie	ChristenUnie	CU	ChristenUnie	1
GM0715	G0715	Terneuzen	Terneuzen	SGP	Staatkundig Gereformeerde Partij	SGP	Staatkundig Gereformeerde Partij (SGP)	1
GM0715	G0715	Terneuzen	Terneuzen	50PLUS	50PLUS	50PLUS	50PLUS	1
GM0715	G0715	Terneuzen	Terneuzen	SP	Socialistische Partij	SP	SP (Socialistische Partij)	1
GM0715	G0715	Terneuzen	Terneuzen	D66	D66	D66	D66	1
GM0715	G0715	Terneuzen	Terneuzen	Terneuzen Sterk	Terneuzen Sterk	TSTERK	Terneuzen Sterk	1
GM0715	G0715	Terneuzen	Terneuzen	Sociaal Terneuzen	Sociaal Terneuzen	SOCTER	Sociaal Terneuzen	1
GM0715	G0715	Terneuzen	Terneuzen	Sociaal Democraten Terneuzen	Sociaal Democraten Terneuzen	SOCDEM	Sociaal Democraten Terneuzen	1
GM0715	G0715	Terneuzen	Terneuzen	Hart voor Terneuzen	Hart voor Terneuzen	HARVOO	Hart voor Terneuzen	1
GM0715	G0715	Terneuzen	Terneuzen	BVNL	Belang van Nederland	BVNL	Belang Van Nederland (BVNL)	1
GM0715	G0715	Terneuzen	Terneuzen	GroenLinks-PvdA	Groenlinks - Partij van de Arbeid	GLPVDA	Partij van de Arbeid (PvdA) / GROENLINKS	0.92
GM0716	G0716	Tholen	Tholen	SGP	Staatkundig Gereformeerde Partij	SGP	Staatkundig Gereformeerde Partij (SGP)	1
GM0716	G0716	Tholen	Tholen	VVD	Volkspartij voor Vrijheid en Democratie	VVD	VVD	1
GM0716	G0716	Tholen	Tholen	ChristenUnie	ChristenUnie	CU	ChristenUnie	1
GM0716	G0716	Tholen	Tholen	CDA	Christen-Democratisch Appèl	CDA	CDA	1
GM0716	G0716	Tholen	Tholen	SP	Socialistische Partij	SP	SP (Socialistische Partij)	1
GM0716	G0716	Tholen	Tholen	FvD	Forum voor Democratie	FVD	Forum voor Democratie	1
GM0716	G0716	Tholen	Tholen	PvdA	Partij van de Arbeid	PVDA	Partij van de Arbeid (PvdA)	1
GM0716	G0716	Tholen	Tholen	GroenLinks	GL	GL	GROENLINKS	1
GM0716	G0716	Tholen	Tholen	Algemeen Belang Tholen	Algemeen Belang Tholen	ABT	ABT	0.9
GM0717	G0717	Veere	Veere	SGP	Staatkundig Gereformeerde Partij	SGP	Staatkundig Gereformeerde Partij (SGP)	1
GM0717	G0717	Veere	Veere	Samen voor Veere	Samen voor Veere	SAMVOO	Samen voor Veere	1
GM0717	G0717	Veere	Veere	VVD	Volkspartij voor Vrijheid en Democratie	VVD	VVD	1
GM0717	G0717	Veere	Veere	CDA	Christen-Democratisch Appèl	CDA	CDA	1
GM0717	G0717	Veere	Veere	D66	D66	D66	D66	1
GM0717	G0717	Veere	Veere	ChristenUnie	ChristenUnie	CU	ChristenUnie	1
GM0717	G0717	Veere	Veere	BVNL	Belang van Nederland	BVNL	BVNL	1
GM0717	G0717	Veere	Veere	GroenLinks-PvdA	Groenlinks - Partij van de Arbeid	GLPVDA	GROENLINKS / Partij van de Arbeid (PvdA)	0.92
GM0718	G0718	Vlissingen	Vlissingen	PSR	Partij Souburg Ritthem	SOUBRT	Partij Souburg-Ritthem	1
GM0718	G0718	Vlissingen	Vlissingen	LPV	Lokale Partij Vlissingen	LPV	Lokale Partij Vlissingen	1
GM0718	G0718	Vlissingen	Vlissingen	POV	Perspectief op Vlissingen	POV	POV perspectief op Vlissingen!	1
GM0718	G0718	Vlissingen	Vlissingen	VVD	Volkspartij voor Vrijheid en Democratie	VVD	VVD	1
GM0718	G0718	Vlissingen	Vlissingen	SGP	Staatkundig Gereformeerde Partij	SGP	Staatkundig Gereformeerde Partij (SGP)	1
GM0718	G0718	Vlissingen	Vlissingen	50PLUS	50PLUS	50PLUS	50PLUS	1
GM0718	G0718	Vlissingen	Vlissingen	SP	Socialistische Partij	SP	SP (Socialistische Partij)	1
GM0718	G0718	Vlissingen	Vlissingen	D66	Democraten 66	D66	D66	1
GM0718	G0718	Vlissingen	Vlissingen	FVD	Forum voor Democratie	FVD	Forum voor Democratie	1
GM0718	G0718	Vlissingen	Vlissingen	CDA	Christen Democratisch Appèl	CDA	CDA	1
GM0718	G0718	Vlissingen	Vlissingen	CU	ChirstenUnie	CU	ChristenUnie	1
GM0718	G0718	Vlissingen	Vlissingen	Souburgs Belang	Souburgs Belang	SOUBEL	Souburgs Belang	1
GM0718	G0718	Vlissingen	Vlissingen	Pro Vlissingen	Pro Vlissingen	PROVLI	Pro Vlissingen	1
GM0718	G0718	Vlissingen	Vlissingen	GroenLinks-PvdA	GroenLinks-PvdA	GLPVDA	GROENLINKS / Partij van de Arbeid (PvdA)	0.92
GM0736	G0736	De Ronde Venen	De Ronde Venen	Ronde Venen Belang	Ronde Venen Belang	RVB	Ronde Venen Belang	1
GM0736	G0736	De Ronde Venen	De Ronde Venen	CDA	Christen-Democratisch Appèl	CDA	CDA	1
GM0736	G0736	De Ronde Venen	De Ronde Venen	VVD	Volkspartij voor Vrijheid en Democratie	VVD	VVD	1
GM0736	G0736	De Ronde Venen	De Ronde Venen	D66	D66	D66	D66	1
GM0736	G0736	De Ronde Venen	De Ronde Venen	Seniorenpartij	Seniorenpartij De Ronde Venen	SPDRV	Seniorenpartij De Ronde Venen	1
GM0736	G0736	De Ronde Venen	De Ronde Venen	ChristenUnie-SGP	ChristenUnie-SGP	CUSGP	ChristenUnie-SGP	1
GM0736	G0736	De Ronde Venen	De Ronde Venen	50Plus	50Plus	50PLUS	50PLUS	1
GM0736	G0736	De Ronde Venen	De Ronde Venen	GroenLinks-PvdA	GroenLinks-PvdA	GLPVDA	GROENLINKS / Partij van de Arbeid (PvdA)	0.92
GM0736	G0736	De Ronde Venen	De Ronde Venen	Lokaal en Fair De Ronde Venen	Lokaal en Fair De Ronde Venen	LOKEN	Lokaal en Fair	0.88
GM0743	G0743	Asten	Asten	CDA	Christen-Democratisch Appèl	CDA	CDA	1
GM0743	G0743	Asten	Asten	Samen voor Asten	Samen voor Asten	SVA	Samen voor Asten	1
GM0743	G0743	Asten	Asten	Algemeen Belang	Algemeen Belang	ALGBEL	Algemeen Belang	1
GM0743	G0743	Asten	Asten	PGA	Progressieve Groepering Asten	PGA	PGA	1
GM0743	G0743	Asten	Asten	VVD	Volkspartij voor Vrijheid en Democratie	VVD	VVD	1
GM0744	G0744	Baarle-Nassau	Baarle-Nassau	Baarle!	Baarle!	BAARLE	BAARLE !	1
GM0744	G0744	Baarle-Nassau	Baarle-Nassau	CDA	Christen Democratisch Appel	CDA	CDA	1
GM0744	G0744	Baarle-Nassau	Baarle-Nassau	Fractie Ulicoten	Fractie Ulicoten	FRULICOT	Fractie Ulicoten	1
GM0744	G0744	Baarle-Nassau	Baarle-Nassau	VP Baarle	Vooruitstrevende Partij Baarle	VPB	VPB	0.9
GM0748	G0748	Bergen op Zoom	Bergen op Zoom	GBWP	Gemeente Belangen Werknemers Partij.	GBWP	GBWP	1
GM0748	G0748	Bergen op Zoom	Bergen op Zoom	VVD	Volkspartij voor Vrijheid en Democratie	VVD	VVD	1
GM0748	G0748	Bergen op Zoom	Bergen op Zoom	Lijst Linssen	Lijst Linssen	LINSSEN	Lijst Linssen	1
GM0748	G0748	Bergen op Zoom	Bergen op Zoom	D66	D66	D66	D66	1
GM0748	G0748	Bergen op Zoom	Bergen op Zoom	Lokaal Realisme	Lokaal Realisme	LOKREA	Lokaal Realisme	1
GM0748	G0748	Bergen op Zoom	Bergen op Zoom	CDA	Christen-Democratisch Appèl	CDA	CDA	1
GM0748	G0748	Bergen op Zoom	Bergen op Zoom	SP	Socialistische Partij	SP	SP (Socialistische Partij)	1
GM0748	G0748	Bergen op Zoom	Bergen op Zoom	Samen0164	Samen0164	SAMEN	SAMEN0164	1
GM0748	G0748	Bergen op Zoom	Bergen op Zoom	Bergs Collectief	Bergs Collectief	BERCOL	Bergs Collectief	1
GM0748	G0748	Bergen op Zoom	Bergen op Zoom	PVV	Partij voor de Vrijheid	PVV	PVV (Partij voor de Vrijheid)	1
GM0748	G0748	Bergen op Zoom	Bergen op Zoom	GroenLinks-PvdA	Groenlinks - Partij van de Arbeid	GLPVDA	GROENLINKS / Partij van de Arbeid (PvdA)	0.92
GM0748	G0748	Bergen op Zoom	Bergen op Zoom	BSDBoz	Bergse Sociaal Democraten	BSD	BSD	0.88
GM0748	G0748	Bergen op Zoom	Bergen op Zoom	Belang van Bergen op Zoom	Belang van Bergen op Zoom	BVB	Belang van Bergen op Zoom (BVB)	0.88
GM0753	G0753	Best	Best	VVD	Volkspartij voor Vrijheid en Democratie	VVD	VVD	1
GM0753	G0753	Best	Best	D66	D66	D66	D66	1
GM0753	G0753	Best	Best	JO	Jongerenpartij JO	JO	Jongerenpartij JO	1
GM0753	G0753	Best	Best	Best Open	Best Open	BESTOP	Best Open	1
GM0753	G0753	Best	Best	CDA	Christen-Democratisch Appèl	CDA	CDA	1
GM0753	G0753	Best	Best	ChristenUnie	ChristenUnie	CU	ChristenUnie	1
GM0753	G0753	Best	Best	GroenLinks-PvdA	Groenlinks - Partij van de Arbeid	GLPVDA	GROENLINKS / Partij van de Arbeid (PvdA)	0.92
GM0753	G0753	Best	Best	Best-Anders	Best-Anders	BESVOO	Best-Anders voor en door Bestenaren	0.88
GM0757	G0757	Boxtel	Boxtel	CDA	Christen-Democratisch Appèl	CDA	CDA	1
GM0757	G0757	Boxtel	Boxtel	VVD	Volkspartij voor Vrijheid en Democratie	VVD	VVD	1
GM0757	G0757	Boxtel	Boxtel	D66	D66	D66	D66	1
GM0757	G0757	Boxtel	Boxtel	FvD	Forum voor Democratie	FVD	Forum voor Democratie	1
GM0757	G0757	Boxtel	Boxtel	BALANS Boxtel	BALANS Boxtel	BALANS	BALANS	0.94
GM0757	G0757	Boxtel	Boxtel	Combinatie 95	Combinatie 95	COMB95	Combinatie95	0.9230769230769231
GM0757	G0757	Boxtel	Boxtel	PvdA-GroenLinks	Partij van de Arbeid - GroenLinks	GLPVDA	GROENLINKS / Partij van de Arbeid (PvdA)	0.92
GM0758	G0758	Breda	Breda	Breda Beslist	Breda Beslist	BREBES	Breda Beslist	1
GM0758	G0758	Breda	Breda	SP	Socialistische Partij	SP	SP (Socialistische Partij)	1
GM0758	G0758	Breda	Breda	VVD	Volkspartij voor Democratie	VVD	VVD	1
GM0758	G0758	Breda	Breda	D66	Democraten66	D66	D66	1
GM0758	G0758	Breda	Breda	VOLT	VOLT	VOLT	Volt	1
GM0758	G0758	Breda	Breda	PvdD	Partij voor de Dieren	PVDD	Partij voor de Dieren	1
GM0758	G0758	Breda	Breda	CDA	Christen-Democraten Appèl	CDA	CDA	1
GM0758	G0758	Breda	Breda	FvD	Forum voor Democratie	FVD	Forum voor Democratie	1
GM0758	G0758	Breda	Breda	Gemeente Toezicht	Gemeente Toezicht	GEMTOE	Gemeente Toezicht	1
GM0758	G0758	Breda	Breda	50Plus	50Plus	50PLUS	50PLUS	1
GM0758	G0758	Breda	Breda	LPF Breda	Lijst Pim Fortuyn Breda	LPF	Lijst Pim Fortuyn Breda (LPF)	0.94
GM0758	G0758	Breda	Breda	GL/PvdA	GroenLinks-Partij van de Arbeid	GLPVDA	GROENLINKS / Partij van de Arbeid (PvdA)	0.92
GM0762	G0762	Deurne	Deurne	DOE!	Democratisch Open Eerlijk	DOE	DOE!	1
GM0762	G0762	Deurne	Deurne	DeurneNU!	DeurneNU!	DNU	DeurneNU	1
GM0762	G0762	Deurne	Deurne	CDA	Christen-Democratisch Appèl	CDA	CDA	1
GM0762	G0762	Deurne	Deurne	VVD	Volkspartij voor Vrijheid Democratie	VVD	VVD	1
GM0762	G0762	Deurne	Deurne	Transparant Deurne	Transparant Deurne	TRANSPAR	Transparant Deurne	1
GM0762	G0762	Deurne	Deurne	50PLUS	50PLUS	50PLUS	50PLUS	1
GM0762	G0762	Deurne	Deurne	Onafhankelijke Groep Deurne	Onafhankelijke Groep Deurne	ONAGRO	Onafhankelijke Groep Deurne	1
GM0762	G0762	Deurne	Deurne	PGP Deurne	PGP Deurne	PAGLPVDA	Progressief Akkoord-GROENLINKS-PvdA	0.88
GM0765	G0765	Pekela	Pekela	CDA	Christen-Democratisch Appel	CDA	CDA	1
GM0765	G0765	Pekela	Pekela	Samen voor Pekela	Samen voor Pekela	SAMVPK	Samen Voor Pekela	1
GM0765	G0765	Pekela	Pekela	SP	Socialistische Partij	SP	SP (Socialistische Partij)	1
GM0765	G0765	Pekela	Pekela	PVV	Partij voor de Vrijheid	PVV	PVV (Partij voor de Vrijheid)	1
GM0765	G0765	Pekela	Pekela	GL/PvdA	GroenLinks/Partij van de Arbeid	GLPVDA	GROENLINKS / Partij van de Arbeid (PvdA)	0.92
GM0770	G0770	Eersel	Eersel	Eersel Samen Anders	Eersel Samen Anders	ESA	Eersel Samen Anders	1
GM0770	G0770	Eersel	Eersel	CDA	Christen-Democratisch Appèl	CDA	CDA	1
GM0770	G0770	Eersel	Eersel	VVD	Volkspartij voor Vrijheid en Democratie	VVD	VVD	1
GM0770	G0770	Eersel	Eersel	Eersel voor Morgen	Eersel voor Morgen	EERVOO	Eersel Voor Morgen	1
GM0770	G0770	Eersel	Eersel	GroenLinks-PvdA	Groenlinks - Partij van de Arbeid	GLPVDA	GROENLINKS / Partij van de Arbeid (PvdA)	0.92
GM0777	G0777	Etten-Leur	Etten-Leur	Ons Etten-Leur	Ons Etten-Leur	OEL	Ons Etten-Leur	1
GM0777	G0777	Etten-Leur	Etten-Leur	CDA	Christen-Democratisch Appèl	CDA	CDA	1
GM0777	G0777	Etten-Leur	Etten-Leur	VVD	Volkspartij voor Vrijheid en Democratie	VVD	VVD	1
GM0777	G0777	Etten-Leur	Etten-Leur	D66	D66	D66	D66	1
GM0777	G0777	Etten-Leur	Etten-Leur	Leefbaar Etten-Leur	Leefbaar Etten-Leur	LEEFEL	Leefbaar Etten-Leur	1
GM0777	G0777	Etten-Leur	Etten-Leur	JA21	Juiste Antwoord 21	JA21	JA21	1
GM0777	G0777	Etten-Leur	Etten-Leur	APB Etten-Leur	Algemeen Plaatselijk Belang	APB	APB	0.94
GM0777	G0777	Etten-Leur	Etten-Leur	GroenLinks-PvdA	Groenlinks - Partij van de Arbeid	GLPVDA	GROENLINKS / Partij van de Arbeid (PvdA)	0.92
GM0779	G0779	Geertruidenberg	Geertruidenberg	Lokaal+	Lokaal Plus	LOK	Lokaal+	1
GM0779	G0779	Geertruidenberg	Geertruidenberg	Morgen!	Morgen in Geertuigenbergen	MORGEN	Morgen!	1
GM0779	G0779	Geertruidenberg	Geertruidenberg	VVD	Volkspartij voor Vrijheid en Democratie	VVD	VVD	1
GM0779	G0779	Geertruidenberg	Geertruidenberg	CDA	Christen-Democratisch Appèl	CDA	CDA	1
GM0779	G0779	Geertruidenberg	Geertruidenberg	Gemeentebelangen Geertruidenberg	Gemeentebelangen Geertruidenberg	GEMBEL	GemeenteBelangenGeertruidenberg	0.96875
GM0779	G0779	Geertruidenberg	Geertruidenberg	Keerpunt 74	Keerpunt 74	KP74	Keerpunt'74	0.9090909090909091
GM0779	G0779	Geertruidenberg	Geertruidenberg	Sociale Volkspartij	Sociale Volkspartij	SVG	Sociale Volkspartij Geertruidenberg	0.88
GM0794	G0794	Helmond	Helmond	VVD	Volkspartij voor Vrijheid en Democratie	VVD	VVD	1
GM0794	G0794	Helmond	Helmond	Helder Helmond	Helder Helmond	HHELMOND	Helder Helmond	1
GM0794	G0794	Helmond	Helmond	SP	Socialistische Partij	SP	SP (Socialistische Partij)	1
GM0794	G0794	Helmond	Helmond	CDA	Christen-Democratisch Appèl	CDA	CDA	1
GM0794	G0794	Helmond	Helmond	D66	D66	D66	D66	1
GM0794	G0794	Helmond	Helmond	Lokaal Sterk	Lokaal Sterk	LOKST	Lokaal sterk	1
GM0794	G0794	Helmond	Helmond	50PLUS	50PLUS	50PLUS	50PLUS	1
GM0794	G0794	Helmond	Helmond	FVD	Forum voor Democratie	FVD	Forum voor Democratie	1
GM0794	G0794	Helmond	Helmond	DENK	DENK	DENK	DENK	1
GM0794	G0794	Helmond	Helmond	Mi Hellemonders	Mi Hellemonders	HELLEM	MÌ HELLEMONDERS	1
GM0794	G0794	Helmond	Helmond	Recht door zee 	Recht door zee	BLANCO	Blanco (van der Veer, E.J.H.E.)	0.93
GM0794	G0794	Helmond	Helmond	GL-PvdA	Groenlinks - Partij van de Arbeid	GLPVDA	GROENLINKS / Partij van de Arbeid (PvdA)	0.92
GM0794	G0794	Helmond	Helmond	Samen0492	Samen0492	SAM	Samen 0492	0.9
GM0796	G0796	's-Hertogenbosch	's-Hertogenbosch	D66	Democraten 66	D66	D66	1
GM0796	G0796	's-Hertogenbosch	's-Hertogenbosch	VVD	Volkspartij voor Vrijheid en Democratie	VVD	VVD	1
GM0796	G0796	's-Hertogenbosch	's-Hertogenbosch	Rosmalens Belang	Rosmalens Belang	ROSBEL	Rosmalens Belang	1
GM0796	G0796	's-Hertogenbosch	's-Hertogenbosch	CDA	Christen-Democratisch Appèl	CDA	CDA	1
GM0796	G0796	's-Hertogenbosch	's-Hertogenbosch	De Bossche Groenen	De Bossche Groenen	DBG	De Bossche Groenen	1
GM0796	G0796	's-Hertogenbosch	's-Hertogenbosch	Leefbaar ‘s-Hertogenbosch	Leefbaar ‘s-Hertogenbosch	LFBOSCH	Leefbaar 's-Hertogenbosch	1
GM0796	G0796	's-Hertogenbosch	's-Hertogenbosch	SP (Socialistische Partij) 	SP (Socialistische Partij) 	SP	SP (Socialistische Partij)	1
GM0796	G0796	's-Hertogenbosch	's-Hertogenbosch	Partij voor de Dieren	Partij voor de Dieren	PVDD	Partij voor de Dieren	1
GM0796	G0796	's-Hertogenbosch	's-Hertogenbosch	Volt	Volt	VOLT	Volt	1
GM0796	G0796	's-Hertogenbosch	's-Hertogenbosch	RAADSGROEPERING "BOSCH-BELANG"	RAADSGROEPERING "BOSCH-BELANG"	BOSBEL	RAADSGROEPERING ''BOSCH-BELANG''	1
GM0796	G0796	's-Hertogenbosch	's-Hertogenbosch	Gewoon ge-DREVEN	Gewoon ge-DREVEN	DREVEN	gewoon ge-DREVEN	1
GM0796	G0796	's-Hertogenbosch	's-Hertogenbosch	PVV (Partij voor de Vrijheid)	PVV (Partij voor de Vrijheid)	PVV	PVV (Partij voor de Vrijheid)	1
GM0796	G0796	's-Hertogenbosch	's-Hertogenbosch	VOOR Den Bosch Joep Gersjes	VOOR Den Bosch Joep Gersjes	VDBOSCH	VOOR Den Bosch Joep Gersjes	1
GM0796	G0796	's-Hertogenbosch	's-Hertogenbosch	50PLUS	50PLUS	50PLUS	50PLUS	1
GM0796	G0796	's-Hertogenbosch	's-Hertogenbosch	Forum voor Democratie	Forum voor Democratie	FVD	Forum voor Democratie	1
GM0796	G0796	's-Hertogenbosch	's-Hertogenbosch	Keerpunt Alliantie '26 (Knillis)	Keerpunt Alliantie '26 (Knillis)	KEEALL	Keerpunt Alliantie '26 (Knillis)	1
GM0796	G0796	's-Hertogenbosch	's-Hertogenbosch	Senioren 's-Hertogenbosch	Senioren 's-Hertogenbosch	SENSHE	Senioren 's-Hertogenbosch	1
GM0796	G0796	's-Hertogenbosch	's-Hertogenbosch	GROENLINKS / Partij van de Arbeid	GROENLINKS / Partij van de Arbeid	GLPVDA	GROENLINKS / Partij van de Arbeid (PvdA)	0.92
GM0798	G0798	Hilvarenbeek	Hilvarenbeek	HOI Werkt	HOI Werkt	HOIWERK	HOI Werkt	1
GM0798	G0798	Hilvarenbeek	Hilvarenbeek	VVD	Volkspartij voor Vrijheid en Democratie	VVD	VVD	1
GM0798	G0798	Hilvarenbeek	Hilvarenbeek	CDA	Christen-Democratisch Appèl	CDA	CDA	1
GM0809	G0809	Loon op Zand	Loon op Zand	VVD	Volkspartij voor Vrijheid en Democratie	VVD	VVD	1
GM0809	G0809	Loon op Zand	Loon op Zand	Pro3	Pro3	PRO3	Pro3	1
GM0809	G0809	Loon op Zand	Loon op Zand	CDA	Christen-Democratisch Appèl	CDA	CDA	1
GM0809	G0809	Loon op Zand	Loon op Zand	Toekomstig KLM	Toekomstig KLM	TKLM	Toekomstig KLM	1
GM0809	G0809	Loon op Zand	Loon op Zand	GemeenteBelangen Loon op Zand	GemeenteBelangen Loon op Zand	GEMBEL	Gemeentebelangen	0.88
GM0824	G0824	Oisterwijk	Oisterwijk	Partij Gemeente Belangen	Partij Gemeente Belangen	GEMBEL	Partij Gemeente Belangen	1
GM0824	G0824	Oisterwijk	Oisterwijk	VVD	Volkspartij voor Vrijheid en Democratie	VVD	VVD	1
GM0824	G0824	Oisterwijk	Oisterwijk	PRO	PRO Oisterwijk	PRO	PrO ( Progressief Oisterwijk)	1
GM0824	G0824	Oisterwijk	Oisterwijk	CDA	Christen-Democratisch Appèl	CDA	CDA	1
GM0824	G0824	Oisterwijk	Oisterwijk	D66	D66	D66	D66	1
GM0824	G0824	Oisterwijk	Oisterwijk	FvD	Forum voor Democratie	FVD	Forum voor Democratie	1
GM0824	G0824	Oisterwijk	Oisterwijk	WIJ! Oisterwijk	WIJ! Oisterwijk	WIJOIS	WIJ! Oisterwijk	1
GM0824	G0824	Oisterwijk	Oisterwijk	Algemeen Belang	Algemeen Belang	ALGBEL	Algemeen Belang Oisterwijk	0.88
GM0826	G0826	Oosterhout	Oosterhout	Gemeentebelangen Oosterhout	Gemeentebelangen Oosterhout	GEMBEL	Gemeentebelangen Oosterhout	1
GM0826	G0826	Oosterhout	Oosterhout	VVD	Volkspartij voor Vrijheid en Democratie	VVD	VVD	1
GM0826	G0826	Oosterhout	Oosterhout	GBV	Gezond Burger Verstand	GBV	Gezond Burger Verstand	1
GM0826	G0826	Oosterhout	Oosterhout	Voor Heel Oosterhout	Voor Heel Oosterhout	VHO	Voor Heel Oosterhout	1
GM0826	G0826	Oosterhout	Oosterhout	D66	D66	D66	D66	1
GM0826	G0826	Oosterhout	Oosterhout	CDA	Christen-Democratisch Appèl	CDA	CDA	1
GM0826	G0826	Oosterhout	Oosterhout	Lokaal Open en Sociaal	Lokaal Open en Sociaal	LOES	Lokaal Open en Sociaal	1
GM0826	G0826	Oosterhout	Oosterhout	GroenLinks-PvdA	Groenlinks - Partij van de Arbeid	GLPVDA	GROENLINKS / Partij van de Arbeid (PvdA)	0.92
GM0828	G0828	Oss	Oss	VDG	Voor De Gemeenschap	VDG	V.D.G. (Voor de Gemeenschap)	1
GM0828	G0828	Oss	Oss	SP	Socialistische Partij	SP	SP (Socialistische Partij)	1
GM0828	G0828	Oss	Oss	CDA	Christen Democratisch Appel	CDA	CDA	1
GM0828	G0828	Oss	Oss	VVD	VVD	VVD	VVD	1
GM0828	G0828	Oss	Oss	D66	Democraten 66	D66	D66	1
GM0828	G0828	Oss	Oss	DDO	Dynamisch Democratisch Oss	DDO	Dynamisch Democratisch Oss (DDO)	1
GM0828	G0828	Oss	Oss	FVD	Forum voor Democratie	FVD	Forum voor Democratie	1
GM0828	G0828	Oss	Oss	PVV	Partij voor de Vrijheid	PVV	PVV (Partij voor de Vrijheid)	1
GM0828	G0828	Oss	Oss	GroenLinks-PvdA	GroenLinks-PvdA	GLPVDA	GROENLINKS / Partij van de Arbeid (PvdA)	0.92
GM0828	G0828	Oss	Oss	Sociaal Sterk Oss	SSO	SOCSTE	Sociaal Sterk Oss (SSO)	0.88
GM0840	G0840	Rucphen	Rucphen	VVD	Volkspartij voor Vrijheid en Democratie	VVD	VVD	1
GM0840	G0840	Rucphen	Rucphen	PVV	PVV	PVV	PVV (Partij voor de Vrijheid)	1
GM0840	G0840	Rucphen	Rucphen	CDA	Christen-Democratisch Appèl	CDA	CDA	1
GM0840	G0840	Rucphen	Rucphen	FvD	Forum voor Democratie	FVD	Forum voor Democratie	1
GM0840	G0840	Rucphen	Rucphen	Rucphense Volkspartij	Rucphense Volkspartij	RVP	Rucphense Volkspartij (RVP)	0.88
GM0840	G0840	Rucphen	Rucphen	GroenLinks-PvdA	GroenLinks-PvdA	PVDA	Partij van de Arbeid (PvdA)	0.88
GM0847	G0847	Someren	Someren	Gemeenschapslijst	Gemeenschapslijst	GEMLST	Gemeenschapslijst	1
GM0847	G0847	Someren	Someren	CDA	Christen-Democratisch Appèl	CDA	CDA	1
GM0847	G0847	Someren	Someren	Wij zijn Someren/VVD	Wij zijn Someren/VVD	WZSVVD	Wij Zijn Someren / VVD	1
GM0847	G0847	Someren	Someren	Someren voor Elkaar	Someren voor Elkaar	SOMVOO	Someren voor Elkaar	1
GM0847	G0847	Someren	Someren	Lokaal SH	Lokaal SH	LSH	LSH	0.88
GM0847	G0847	Someren	Someren	Sociaal Duurzaam Someren	Sociaal Duurzaam Someren	SDS	SDS & GL/PvdA	0.88
GM0848	G0848	Son en Breugel	Son en Breugel	DorpsVISIE	DorpsVISIE	DORPVIS	DORPSVISIE	1
GM0848	G0848	Son en Breugel	Son en Breugel	CDA	Christen-Democratisch Appèl	CDA	CDA	1
GM0848	G0848	Son en Breugel	Son en Breugel	D66	D66	D66	D66	1
GM0848	G0848	Son en Breugel	Son en Breugel	Zij aan Zet	Zij aan Zet	ZIJAAN	Zij aan Zet	1
GM0848	G0848	Son en Breugel	Son en Breugel	VVD Voor U!	Volkspartij voor Vrijheid en Democratie	VVD	VVD	0.94
GM0848	G0848	Son en Breugel	Son en Breugel	GroenLinks-PvdA	Groenlinks - Partij van de Arbeid	GLPVDA	GROENLINKS / Partij van de Arbeid (PvdA)	0.92
GM0851	G0851	Steenbergen	Steenbergen	Gewoon Lokaal!	Gewoon Lokaal!	GLOK	Gewoon Lokaal!	1
GM0851	G0851	Steenbergen	Steenbergen	VVD	VVD	VVD	VVD	1
GM0851	G0851	Steenbergen	Steenbergen	Progressief Samen	Progressief Samen	PS	Progressief Samen	1
GM0851	G0851	Steenbergen	Steenbergen	D66	D66	D66	D66	1
GM0851	G0851	Steenbergen	Steenbergen	CDA	CDA	CDA	CDA	1
GM0851	G0851	Steenbergen	Steenbergen	Stem0167	Stem0167	STEM0167	Stem0167	1
GM0851	G0851	Steenbergen	Steenbergen	PVV	PVV	PVV	PVV (Partij voor de Vrijheid)	1
GM0851	G0851	Steenbergen	Steenbergen	Vanuit de Kern	Vanuit de Kern	VANDE	Vanuit de Kern	1
GM0851	G0851	Steenbergen	Steenbergen	Lijst 8 (Verbeek)	Lijst 8 (Verbeek)	BLANCO	blanco	0.93
GM0851	G0851	Steenbergen	Steenbergen	Volkspartij	Volkspartij	VOLKS	De Volkspartij	0.88
GM0851	G0851	Steenbergen	Steenbergen	Voor Alle Kernen	Voor Alle Kernen	VOOALL	Voor Alle Kernen (VAK)	0.88
GM0852	G0852	Waterland	Waterland	CDA	Christen-Democratisch Appèl	CDA	CDA	1
GM0852	G0852	Waterland	Waterland	VVD	Volkspartij voor Vrijheid en Democratie	VVD	VVD	1
GM0852	G0852	Waterland	Waterland	D66	D66	D66	D66	1
GM0852	G0852	Waterland	Waterland	Waterland Natuurlijk	Waterland Natuurlijk	WLNAT	WaterlandNatuurlijk	0.95
GM0852	G0852	Waterland	Waterland	GroenLinks-PvdA	Groenlinks - Partij van de Arbeid	GLPVDA	GROENLINKS / Partij van de Arbeid (PvdA)	0.92
GM0858	G0858	Valkenswaard	Valkenswaard	VOTE	VOTE	VOTE	VOTE (Valkenswaard Onze Toekomst Eén)	1
GM0858	G0858	Valkenswaard	Valkenswaard	CDA	CDA	CDA	CDA	1
GM0858	G0858	Valkenswaard	Valkenswaard	VVD	VVD	VVD	VVD	1
GM0858	G0858	Valkenswaard	Valkenswaard	D66	D66	D66	D66	1
GM0858	G0858	Valkenswaard	Valkenswaard	Valkenswaard Lokaal	Valkenswaard Lokaal	VALLOK	Valkenswaard Lokaal	1
GM0858	G0858	Valkenswaard	Valkenswaard	Forum voor Democratie	Forum voor Democratie	FVD	Forum voor Democratie	1
GM0858	G0858	Valkenswaard	Valkenswaard	GroenLinks-PvdA	GroenLinks-PvdA	GLPVDA	GROENLINKS / Partij van de Arbeid (PvdA)	0.92
GM0858	G0858	Valkenswaard	Valkenswaard	Helder & Gedreven	Helder & Gedreven	HG	H&G	0.9
GM0861	G0861	Veldhoven	Veldhoven	Hart voor Veldhoven	Hart voor Veldhoven	HART	Hart voor Veldhoven	1
GM0861	G0861	Veldhoven	Veldhoven	GBV	Gemeente Belangen Veldhoven	GBV	Gemeente Belangen Veldhoven (GBV)	1
GM0861	G0861	Veldhoven	Veldhoven	VVD	Volkspartij voor Vrijheid en Democratie	VVD	VVD	1
GM0861	G0861	Veldhoven	Veldhoven	Senioren Veldhoven	Senioren Veldhoven	SENIOR	SENIOREN VELDHOVEN	1
GM0861	G0861	Veldhoven	Veldhoven	D66	D66	D66	D66	1
GM0861	G0861	Veldhoven	Veldhoven	CDA	Christen-Democratisch Appèl	CDA	CDA	1
GM0861	G0861	Veldhoven	Veldhoven	SP	Socialistische Partij	SP	SP (Socialistische Partij)	1
GM0861	G0861	Veldhoven	Veldhoven	GroenLinks-PvdA	Groenlinks - Partij van de Arbeid	GLPVDA	GROENLINKS / Partij van de Arbeid (PvdA)	0.92
GM0865	G0865	Vught	Vught	D66	D66	D66	D66	1
GM0865	G0865	Vught	Vught	VVD	Volkspartij voor Vrijheid en Democratie	VVD	VVD	1
GM0865	G0865	Vught	Vught	CDA	Christen-Democratisch Appèl	CDA	CDA	1
GM0865	G0865	Vught	Vught	SP	Socialistische Partij	SP	SP (Socialistische Partij)	1
GM0865	G0865	Vught	Vught	SamenLokaal	SamenLokaal	SAMENLOK	SamenLokaal	1
GM0865	G0865	Vught	Vught	PvdA-GroenLinks	Partij van de Arbeid-GroenLinks	GLPVDA	Partij van de Arbeid (PvdA) / GROENLINKS	0.92
GM0865	G0865	Vught	Vught	Gemeentebelangen Vught	Gemeentebelangen Vught	GEMBEL	Gemeentebelangen	0.88
GM0866	G0866	Waalre	Waalre	AWB	Aalst Waalre Belang	AWBEL	Aalst Waalre Belang	1
GM0866	G0866	Waalre	Waalre	CDA	Christen-Democratisch Appèl	CDA	CDA	1
GM0866	G0866	Waalre	Waalre	D66	D66	D66	D66	1
GM0866	G0866	Waalre	Waalre	VVD	Volkspartij voor Vrijheid en Democratie	VVD	VVD	1
GM0866	G0866	Waalre	Waalre	ZW14	Zelfstandig Waalre 14	ZW14	ZW14	1
GM0866	G0866	Waalre	Waalre	GroenLinks-PvdA	Groenlinks - Partij van de Arbeid	GLPVDA	GROENLINKS / Partij van de Arbeid (PvdA)	0.92
GM0867	G0867	Waalwijk	Waalwijk	Lokaal Belang	Lokaal Belang	LOKBEL	Lokaal Belang	1
GM0867	G0867	Waalwijk	Waalwijk	VVD	Volkspartij voor Vrijheid en Democratie	VVD	VVD	1
GM0867	G0867	Waalwijk	Waalwijk	GroenLinksaf	GroenLinksaf Waalwijk	GLAF	GroenLinksaf	1
GM0867	G0867	Waalwijk	Waalwijk	Samen Waalwijk	Samen Waalwijk	SAMEN	Samen Waalwijk	1
GM0867	G0867	Waalwijk	Waalwijk	SGP	Staatkundig Gereformeerde Partij	SGP	Staatkundig Gereformeerde Partij (SGP)	1
GM0867	G0867	Waalwijk	Waalwijk	CDA	Christen-Democratisch Appèl	CDA	CDA	1
GM0867	G0867	Waalwijk	Waalwijk	D66	D66	D66	D66	1
GM0867	G0867	Waalwijk	Waalwijk	ChristenUnie	ChristenUnie	CU	ChristenUnie	1
GM0873	G0873	Woensdrecht	Woensdrecht	Algemeen Belang Zuid-Westhoek	Algemeen Belang Zuid-Westhoek	ABZ	Algemeen Belang Zuid-Westhoek	1
GM0873	G0873	Woensdrecht	Woensdrecht	CDA	Christen-Democratisch Appèl	CDA	CDA	1
GM0873	G0873	Woensdrecht	Woensdrecht	D66	Democraten 66	D66	D66	1
GM0873	G0873	Woensdrecht	Woensdrecht	Alle Kernen Troef (A.K.T.)	Alle Kernen Troef (A.K.T.)	AKT	Alle Kernen Troef (A.K.T.)	1
GM0873	G0873	Woensdrecht	Woensdrecht	VVD	Volkspartij voor Vrijheid en Democratie	VVD	VVD	1
GM0873	G0873	Woensdrecht	Woensdrecht	GROENLINKS / Partij van de Arbeid (PvdA)	GROENLINKS / Partij van de Arbeid (PvdA)	GLPVDA	GROENLINKS / Partij van de Arbeid (PvdA)	1
GM0879	G0879	Zundert	Zundert	ONPL	Ondernemend Platteland Zundert	ONPL	Ondernemend Platteland (ONPL)	1
GM0879	G0879	Zundert	Zundert	CDA	Christen-Democratisch Appél	CDA	CDA	1
GM0879	G0879	Zundert	Zundert	VVD	Volkspartij voor Vrijheid en Democratie	VVD	VVD	1
GM0879	G0879	Zundert	Zundert	D66	D66	D66	D66	1
GM0879	G0879	Zundert	Zundert	Lokaal Perspectief	Lokaal Perspectief	LOKPER	Lokaal Perspectief	1
GM0879	G0879	Zundert	Zundert	OPD	Onafhankelijke Partij Dorpsbelangen	ONAPAR	Onafhankelijke Partij Dorpsbelangen	1
GM0888	G0888	Beek (L.)	Beek	CDA	Christen-Democratisch Appèl	CDA	CDA	1
GM0888	G0888	Beek (L.)	Beek	Beek Lokaal	Beek Lokaal	BEEKLOK	Beek Lokaal	1
GM0888	G0888	Beek (L.)	Beek	Progressief Beek	Progressief Beek	PROGBK	Progressief Beek	1
GM0888	G0888	Beek (L.)	Beek	Belang van Beek	Belang van Beek	BVBEEK	Belang van Beek	1
GM0888	G0888	Beek (L.)	Beek	VVD	Volkspartij voor Vrijheid en Democratie	VVD	VVD	1
GM0889	G0889	Beesel	Beesel	CDA	Christen-Democratisch Appèl	CDA	CDA	1
GM0889	G0889	Beesel	Beesel	VLP	verantwoorde lokale politiek	VLP	V.L.P.	1
GM0889	G0889	Beesel	Beesel	Beeselse Lijst	Beeselse Lijst	BLIJST	Beeselse Lijst	1
GM0889	G0889	Beesel	Beesel	Samen Verder	Samen Verder	SAMVER	Samen Verder Beesel	0.88
GM0907	G0907	Gennep	Gennep	CDA	Christen-Democratisch Appèl	CDA	CDA	1
GM0907	G0907	Gennep	Gennep	D66	D66	D66	D66	1
GM0907	G0907	Gennep	Gennep	VVD	Volkspartij voor Vrijheid en Democratie	VVD	VVD	1
GM0907	G0907	Gennep	Gennep	ELsss	EERLIJK LOKAAL sociaal samen sterk	ELSSS	EERLIJK LOKAAL sociaal samen sterk (ELsss)	1
GM0907	G0907	Gennep	Gennep	SP	Socialistische Partij	SP	SP (Socialistische Partij)	1
GM0907	G0907	Gennep	Gennep	GroenLinks-PvdA	Groenlinks - Partij van de Arbeid	GLPVDA	GROENLINKS / Partij van de Arbeid (PvdA)	0.92
GM0917	G0917	Heerlen	Heerlen	Ouderen Partij Heerlen (OPH)	Ouderen Partij Heerlen (OPH)	OPH	Ouderen Partij Heerlen (OPH)	1
GM0917	G0917	Heerlen	Heerlen	SP (Socialistische Partij)	SP (Socialistische Partij) 	SP	SP (Socialistische Partij)	1
GM0917	G0917	Heerlen	Heerlen	CDA	CDA	CDA	CDA	1
GM0917	G0917	Heerlen	Heerlen	Jongerenpartij Heerlen	Jongerenpartij Heerlen	JONGH	Jongerenpartij Heerlen	1
GM0917	G0917	Heerlen	Heerlen	Partij Hoensbroeks Belang	Partij Hoensbroeks Belang	HBELANG	Partij Hoensbroeks Belang	1
GM0917	G0917	Heerlen	Heerlen	VVD	VVD	VVD	VVD	1
GM0917	G0917	Heerlen	Heerlen	PVV (Partij voor de Vrijheid)	PVV (Partij voor de Vrijheid)	PVV	PVV (Partij voor de Vrijheid)	1
GM0917	G0917	Heerlen	Heerlen	Partij voor de Dieren	Partij voor de Dieren	PVDD	Partij voor de Dieren	1
GM0917	G0917	Heerlen	Heerlen	Forum voor Democratie	Forum voor Democratie	FVD	Forum voor Democratie	1
GM0917	G0917	Heerlen	Heerlen	Hart Leers	Hart Leers	HARTLEER	Hart Leers	1
GM0917	G0917	Heerlen	Heerlen	Democratisch Burger Belang	Democratisch Burger Belang	DEMBUR	Democratisch Burger Belang	1
GM0917	G0917	Heerlen	Heerlen	D66 Heerlen	D66 Heerlen	D66	D66	0.94
GM0917	G0917	Heerlen	Heerlen	GroenLinks-PvdA	GroenLinks-PvdA	GLPVDA	GROENLINKS / Partij van de Arbeid (PvdA)	0.92
GM0946	G0946	Nederweert	Nederweert	CDA	Christen Democratisch Appel Nederweert	CDA	CDA	1
GM0946	G0946	Nederweert	Nederweert	JAN	JAN Nederweert	JAN	Jongeren Akkoord Nederweert (J.A.N.)	1
GM0946	G0946	Nederweert	Nederweert	VVD	Volkspartij voor Vrijheid en Democratie Nederweert	VVD	VVD	1
GM0946	G0946	Nederweert	Nederweert	DNA	DNA Nederweert	DNANED	DNA Nederweert	1
GM0957	G0957	Roermond	Roermond	Liberale Volkspartij Roermond	Liberale Volkspartij Roermond	LVPR	Liberale Volkspartij Roermond	1
GM0957	G0957	Roermond	Roermond	CDA	Christen-Democratisch Appèl	CDA	CDA	1
GM0957	G0957	Roermond	Roermond	Stadspartij Roermond	Stadspartij Roermond	STADSR	Stadspartij Roermond	1
GM0957	G0957	Roermond	Roermond	VVD	Volkspartij voor Vrijheid en Democratie	VVD	VVD	1
GM0957	G0957	Roermond	Roermond	D66	D66	D66	D66	1
GM0957	G0957	Roermond	Roermond	SP	Socialistische Partij	SP	SP (Socialistische Partij)	1
GM0957	G0957	Roermond	Roermond	Partij voor de Dieren	Partij voor de Dieren	PVDD	Partij voor de Dieren	1
GM0957	G0957	Roermond	Roermond	GroenLinks-PvdA	Groenlinks - Partij van de Arbeid	GLPVDA	GROENLINKS / Partij van de Arbeid (PvdA)	0.92
GM0957	G0957	Roermond	Roermond	Demokraten Swalmen	Demokraten Swalmen	DS	Demokraten Swalmen (DS)	0.88
GM0971	G0971	Stein (L.)	Stein	DOS	Democratisch Onafhankelijken Stein	DOS	DOS (Democratisch Onafhankelijken Stein)	1
GM0971	G0971	Stein (L.)	Stein	VVD	Volkspartij voor Vrijheid en Democratie	VVD	VVD	1
GM0971	G0971	Stein (L.)	Stein	Communiceren Met Burgers	Communiceren Met Burgers	CMB	Communiceren Met Burgers (CMB)	0.88
GM0971	G0971	Stein (L.)	Stein	Steins Belang	Steins Belang	STBEL	Politieke vereniging Steins Belang	0.88
GM0971	G0971	Stein (L.)	Stein	GroenLinks-PvdA	Groenlinks - Partij van de Arbeid	PVDA	Partij van de Arbeid (PvdA)	0.88
GM0981	G0981	Vaals	Vaals	Het Alternatief	Het Alternatief	ALTNTV	Het Alternatief	1
GM0981	G0981	Vaals	Vaals	CDA	Christen-Democratisch Appèl	CDA	CDA	1
GM0981	G0981	Vaals	Vaals	Nuj Lies Vroemen	Nuj Lies Vroemen	NLV	Nuj Lies Vroemen	1
GM0981	G0981	Vaals	Vaals	Lokaal!	Lokaal!	LOK	Lokaal!	1
GM0981	G0981	Vaals	Vaals	Groep Groen	Groep Groen	GGROEN	Groep Groen	1
GM0981	G0981	Vaals	Vaals	GroenLinks-PvdA	Groenlinks - Partij van de Arbeid	GLPVDA	GROENLINKS / Partij van de Arbeid (PvdA)	0.92
GM0981	G0981	Vaals	Vaals	Visie Vaals	Visie Vaals	VIVA	Visie Vaals (ViVa)	0.88
GM0983	G0983	Venlo	Venlo	CDA	Christen-Democratisch Appèl	CDA	CDA	1
GM0983	G0983	Venlo	Venlo	VVD	Volkspartij voor Vrijheid en Democratie	VVD	VVD	1
GM0983	G0983	Venlo	Venlo	D66	D66	D66	D66	1
GM0983	G0983	Venlo	Venlo	PVV	PVV	PVV	PVV (Partij voor de Vrijheid)	1
GM0983	G0983	Venlo	Venlo	FvD	Forum voor Democratie	FVD	Forum voor Democratie	1
GM0983	G0983	Venlo	Venlo	Denk	Denk	DENK	DENK	1
GM0983	G0983	Venlo	Venlo	SP	Socialistische Partij	SP	SP (Socialistische Partij)	1
GM0983	G0983	Venlo	Venlo	Veur Groeët Venlo	Veur Groeët Venlo	VEUGRO	Veur Groeӫt Venlo	0.9411764705882353
GM0983	G0983	Venlo	Venlo	GroenLinks-PvdA	Groenlinks - Partij van de Arbeid	GLPVDA	GROENLINKS / Partij van de Arbeid (PvdA)	0.92
GM0983	G0983	Venlo	Venlo	Een lokaal	Een lokaal	EENLOK	EENLokaal	0.9
GM0983	G0983	Venlo	Venlo	Venlose Senioren partij	Venlose Senioren partij	VSP	VSP (Venlose Senioren Partij)	0.88
GM0983	G0983	Venlo	Venlo	Venloos Burger Initiatief	Venloos Burger Initiatief	VENBUR	Venloos Burger Initiatief (VBI)	0.88
GM0984	G0984	Venray	Venray	Venray  Lokaal	Venray  Lokaal	VENLOK	VENRAY Lokaal	1
GM0984	G0984	Venray	Venray	CDA	Christen-Democratisch Appèl	CDA	CDA	1
GM0984	G0984	Venray	Venray	VVD	Volkspartij voor Vrijheid en Democratie	VVD	VVD	1
GM0984	G0984	Venray	Venray	D66	D66	D66	D66	1
GM0984	G0984	Venray	Venray	Samenwerking Venray	Samenwerking Venray	SWVRAY	Samenwerking Venray	1
GM0984	G0984	Venray	Venray	SP	Socialistische Partij	SP	SP (Socialistische Partij)	1
GM0984	G0984	Venray	Venray	Eerlijk Venray	Eerlijk Venray	EERVEN	Eerlijk Venray	1
GM0984	G0984	Venray	Venray	BBB	BoerBurgerBeweging	BBB	BBB	1
GM0984	G0984	Venray	Venray	GroenLinks-PvdA	Groenlinks - Partij van de Arbeid	GLPVDA	GROENLINKS / Partij van de Arbeid (PvdA)	0.92
GM0988	G0988	Weert	Weert	Weert Lokaal	Weert Lokaal	WEERTLOK	Weert Lokaal	1
GM0988	G0988	Weert	Weert	DUS Weert	DUS Weert	DUS	DUS Weert	1
GM0988	G0988	Weert	Weert	VVD	Volkspartij voor Vrijheid en Democratie	VVD	VVD	1
GM0988	G0988	Weert	Weert	CDA	Christen-Democratisch Appèl	CDA	CDA	1
GM0988	G0988	Weert	Weert	D66	D66	D66	D66	1
GM0988	G0988	Weert	Weert	GroenLinks-PvdA	Groenlinks - Partij van de Arbeid	GLPVDA	GROENLINKS / Partij van de Arbeid (PvdA)	0.92
GM0988	G0988	Weert	Weert	Ons Weert	Ons Weert	ONSWEERT	OnsWeert	0.8888888888888888
GM0995	G0995	Lelystad	Lelystad	VVD	Volkspartij voor Vrijheid en Democratie	VVD	VVD	1
GM0995	G0995	Lelystad	Lelystad	JongLelystad	# JongLelystad	JONGLYST	JongLelystad	1
GM0995	G0995	Lelystad	Lelystad	ChristenUnie	ChristenUnie	CU	ChristenUnie	1
GM0995	G0995	Lelystad	Lelystad	Leefbaar lelystad	Leefbaar lelystad	LBL	Leefbaar Lelystad	1
GM0995	G0995	Lelystad	Lelystad	PVV	PVV	PVV	PVV (Partij voor de Vrijheid)	1
GM0995	G0995	Lelystad	Lelystad	D66	D66	D66	D66	1
GM0995	G0995	Lelystad	Lelystad	Mooi Lelystad	Mooi Lelystad	MOOILEL	Mooi Lelystad	1
GM0995	G0995	Lelystad	Lelystad	SP	Socialistische Partij	SP	SP (Socialistische Partij)	1
GM0995	G0995	Lelystad	Lelystad	FvD	Forum voor Democratie	FVD	Forum voor Democratie	1
GM0995	G0995	Lelystad	Lelystad	CDA	Christen-Democratisch Appèl	CDA	CDA	1
GM0995	G0995	Lelystad	Lelystad	PvdD	Partij voor de Dieren	PVDD	Partij voor de Dieren	1
GM0995	G0995	Lelystad	Lelystad	NL Lelystad	NL Lelystad	NLLEL	NL Lelystad	1
GM0995	G0995	Lelystad	Lelystad	ELLECT	ELLECT	ELLECT	ELLECT	1
GM0995	G0995	Lelystad	Lelystad	Inwonerspartij	Inwonerspartij	IPL	Inwoners Partij Lelystad	0.93
GM0995	G0995	Lelystad	Lelystad	GroenLinks-PvdA	Groenlinks - Partij van de Arbeid	GLPVDA	GROENLINKS / Partij van de Arbeid (PvdA)	0.92
GM1509	G1509	Oude IJsselstreek	Oude IJsselstreek	Lokaal Belang	Lokaal Belang	LB	Lokaal Belang	1
GM1509	G1509	Oude IJsselstreek	Oude IJsselstreek	DorpEnPlattelandBeweging	DorpEnPlattelandBeweging	DORPBEW	DorpEnPlattelandBeweging	1
GM1509	G1509	Oude IJsselstreek	Oude IJsselstreek	CDA	Christen-Democratisch Appèl	CDA	CDA	1
GM1509	G1509	Oude IJsselstreek	Oude IJsselstreek	Pro! Oude IJsselstreek	Progressief Oude IJsselstreek	PRO	Pro! Oude IJsselstreek	1
GM1509	G1509	Oude IJsselstreek	Oude IJsselstreek	VVD	Volkspartij voor vrijheid en democratie	VVD	VVD	1
GM1509	G1509	Oude IJsselstreek	Oude IJsselstreek	Achterhoeks Democratisch Alternatief	Achterhoeks Democratisch Alternatief	ACHTALT	Achterhoeks Democratisch Alternatief	1
GM1509	G1509	Oude IJsselstreek	Oude IJsselstreek	D66	D66	D66	D66	1
GM1509	G1509	Oude IJsselstreek	Oude IJsselstreek	Burgers op 1	Burgers op 1	BUROP	Burgers op 1	1
GM1509	G1509	Oude IJsselstreek	Oude IJsselstreek	Partij van de Arbeid (PvdA)/GROENLINKS	Partij van de Arbeid (PvdA)/GROENLINKS	PVDA	Partij van de Arbeid (PvdA)	0.88
GM1525	G1525	Teylingen	Teylingen	VVD	Volkspartij voor Vrijheid en Democratie	VVD	VVD	1
GM1525	G1525	Teylingen	Teylingen	CDA	Christen-Democratisch Appèl	CDA	CDA	1
GM1525	G1525	Teylingen	Teylingen	D66	D66	D66	D66	1
GM1525	G1525	Teylingen	Teylingen	Trilokaal	Trilokaal	TRILOK	Trilokaal	1
GM1525	G1525	Teylingen	Teylingen	Teylingen Met Elkaar	Teylingen Met Elkaar	MELKAAR	Teylingen met Elkaar	1
GM1525	G1525	Teylingen	Teylingen	ChristenUnie	ChristenUnie	CU	ChristenUnie	1
GM1525	G1525	Teylingen	Teylingen	FvD	Forum voor Democratie	FVD	Forum voor Democratie	1
GM1525	G1525	Teylingen	Teylingen	Partij voor Teylingen	Partij voor Teylingen	PARVOO	Partij voor Teylingen	1
GM1525	G1525	Teylingen	Teylingen	GroenLinks-PvdA	Groenlinks - Partij van de Arbeid	GLPVDA	GROENLINKS / Partij van de Arbeid (PvdA)	0.92
GM1581	G1581	Utrechtse Heuvelrug	Utrechtse Heuvelrug	BVHlokaal	Burger Vertegenwoordiging Heuvelrug	BVHLOK	BVHlokaal	1
GM1581	G1581	Utrechtse Heuvelrug	Utrechtse Heuvelrug	VVD	Volkspartij voor Vrijheid en Democratie	VVD	VVD	1
GM1581	G1581	Utrechtse Heuvelrug	Utrechtse Heuvelrug	D66	D66	D66	D66	1
GM1581	G1581	Utrechtse Heuvelrug	Utrechtse Heuvelrug	CDA	Christen-Democratisch Appèl	CDA	CDA	1
GM1581	G1581	Utrechtse Heuvelrug	Utrechtse Heuvelrug	Partij voor de dieren	Partij voor de dieren	PVDD	Partij voor de Dieren	1
GM1581	G1581	Utrechtse Heuvelrug	Utrechtse Heuvelrug	SGP	Staatkundig Gereformeerde Partij	SGP	Staatkundig Gereformeerde Partij (SGP)	1
GM1581	G1581	Utrechtse Heuvelrug	Utrechtse Heuvelrug	ChristenUnie	ChristenUnie	CU	ChristenUnie	1
GM1581	G1581	Utrechtse Heuvelrug	Utrechtse Heuvelrug	Groenlinks-PvdA	Groenlinks - Partij van de Arbeid	GLPVDA	GROENLINKS / Partij van de Arbeid (PvdA)	0.92
GM1586	G1586	Oost Gelre	Oost Gelre	CDA	Christen-Democratisch Appèl	CDA	CDA	1
GM1586	G1586	Oost Gelre	Oost Gelre	OOG	Onafhankelijken Oost Gelre	OOG	OOG	1
GM1586	G1586	Oost Gelre	Oost Gelre	OLW	Onafhankelijke Lijst Wallerbos Oost Gelre	OLW	OLW (Onafhankelijke Lijst Wallerbos)	1
GM1586	G1586	Oost Gelre	Oost Gelre	Lokaal Belang	Lokaal Belang Oost Gelre	LOKBEL	Lokaal Belang	1
GM1586	G1586	Oost Gelre	Oost Gelre	VVD	Volkspartij voor Vrijheid en Democratie	VVD	VVD	1
GM1586	G1586	Oost Gelre	Oost Gelre	Oost Gelre Vooruit	Oost Gelre Vooruit	OOSTVOOR	Oost Gelre Vooruit	1
GM1586	G1586	Oost Gelre	Oost Gelre	GroenLinks-PvdA	Groenlinks - Partij van de Arbeid	GLPVDA	GROENLINKS / Partij van de Arbeid (PvdA)	0.92
GM1621	G1621	Lansingerland	Lansingerland	WIJ Lansingerland	WIJ Lansingerland	WIJLAN	WIJ Lansingerland	1
GM1621	G1621	Lansingerland	Lansingerland	Leefbaar 3B	Leefbaar 3B	LFB3B	Leefbaar 3B	1
GM1621	G1621	Lansingerland	Lansingerland	CDA	Christen-Democratisch Appèl	CDA	CDA	1
GM1621	G1621	Lansingerland	Lansingerland	VVD	Volkspartij voor Vrijheid en Democratie	VVD	VVD	1
GM1621	G1621	Lansingerland	Lansingerland	D66	D66	D66	D66	1
GM1621	G1621	Lansingerland	Lansingerland	ChristenUnie	ChristenUnie	CU	ChristenUnie	1
GM1621	G1621	Lansingerland	Lansingerland	Volt	Volt	VOLT	Volt	1
GM1621	G1621	Lansingerland	Lansingerland	GroenLinks-PvdA	Groenlinks - Partij van de Arbeid	GLPVDA	GROENLINKS / Partij van de Arbeid (PvdA)	0.92
GM1652	G1652	Gemert-Bakel	Gemert-Bakel	CDA	Christen-Democratisch Appèl	CDA	CDA	1
GM1652	G1652	Gemert-Bakel	Gemert-Bakel	Dorpspartij	Dorpspartij	DORP	Dorpspartij	1
GM1652	G1652	Gemert-Bakel	Gemert-Bakel	Sociaal Gemert-Bakel-GroenLinks/PvdA	Sociaal Gemert-Bakel-GroenLinks/PvdA	SOGBA	Sociaal Gemert-Bakel / GROENLINKS / PvdA	1
GM1652	G1652	Gemert-Bakel	Gemert-Bakel	VVD	Volkspartij voor Vrijheid en Democratie	VVD	VVD	1
GM1652	G1652	Gemert-Bakel	Gemert-Bakel	D66	D66	D66	D66	1
GM1652	G1652	Gemert-Bakel	Gemert-Bakel	Politiek op Inhoud	Politiek op Inhoud	POLOP	Politiek op Inhoud	1
GM1655	G1655	Halderberge	Halderberge	VVD	Volkspartij voor Vrijheid en Democratie	VVD	VVD	1
GM1655	G1655	Halderberge	Halderberge	Lokaal Halderberge	Lokaal Halderberge	LOKHAL	Lokaal Halderberge	1
GM1655	G1655	Halderberge	Halderberge	WOS Halderberge	Willemstadse-Oostlandse-Stampersgat Halderberge	WOS	WOS Halderberge	1
GM1655	G1655	Halderberge	Halderberge	CDA	Christen-Democratisch Appèl	CDA	CDA	1
GM1655	G1655	Halderberge	Halderberge	D66	D66	D66	D66	1
GM1655	G1655	Halderberge	Halderberge	FVD	Forum voor Democratie	FVD	Forum voor Democratie	1
GM1655	G1655	Halderberge	Halderberge	GroenLinks-PvdA	Groenlinks - Partij van de Arbeid	GLPVDA	GROENLINKS / Partij van de Arbeid (PvdA)	0.92
GM1658	G1658	Heeze-Leende	Heeze-Leende	LOKAAL Heeze-Leende	LOKAAL Heeze-Leende	LOKHL	LOKAAL HEEZE-LEENDE	1
GM1658	G1658	Heeze-Leende	Heeze-Leende	AbHL	Algemeen belang Heeze-Leende	ABHL	Algemeen belang Heeze-Leende (AbHL)	1
GM1658	G1658	Heeze-Leende	Heeze-Leende	CDA	Christen-Democratisch Appèl	CDA	CDA	1
GM1658	G1658	Heeze-Leende	Heeze-Leende	VVD	Volkspartij voor Vrijheid en Democratie	VVD	VVD	1
GM1658	G1658	Heeze-Leende	Heeze-Leende	PVOJ	Partij Voor Oud en Jong	PVOJ	Partij voor Oud en Jong	1
GM1658	G1658	Heeze-Leende	Heeze-Leende	Pro Heeze-Leende	Pro Heeze-Leende	PROHEE	PRO Heeze-Leende (PRO)	0.88
GM1667	G1667	Reusel-De Mierden	Reusel-De Mierden	Samenwerking	Samenwerking Reusel-De Mierden	SRDM	Samenwerking Reusel-De Mierden	1
GM1667	G1667	Reusel-De Mierden	Reusel-De Mierden	CDA	Christen-Democratisch Appèl	CDA	CDA	1
GM1667	G1667	Reusel-De Mierden	Reusel-De Mierden	VVD	Volkspartij voor Vrijheid en Democratie	VVD	VVD	1
GM1667	G1667	Reusel-De Mierden	Reusel-De Mierden	D66	D66	D66	D66	1
GM1667	G1667	Reusel-De Mierden	Reusel-De Mierden	Lijst 5 Blanco (Calvin Bax)	Lijst 5 Blanco (Calvin Bax)	BLANCO	Blanco (Bax, C.)	0.93
GM1669	G1669	Roerdalen	Roerdalen	Roerstreek Lokaal	Roerstreek Lokaal	ROERLOK	Roerstreek Lokaal!	1
GM1669	G1669	Roerdalen	Roerdalen	CDA	Christen-Democratisch Appèl	CDA	CDA	1
GM1669	G1669	Roerdalen	Roerdalen	Democraten Roerdalen	Democraten Roerdalen	DEMROER	Democraten Roerdalen	1
GM1669	G1669	Roerdalen	Roerdalen	Ons Roerdalen	Ons Roerdalen	ONSRD	Ons Roerdalen	1
GM1669	G1669	Roerdalen	Roerdalen	Vitaal Perspectief	Vitaal Perspectief	VITPER	Vitaal Perspectief	1
GM1669	G1669	Roerdalen	Roerdalen	GroenLinks-PvdA	GroenLinks-PvdA	GLPVDA	GROENLINKS / Partij van de Arbeid (PvdA)	0.92
GM1674	G1674	Roosendaal	Roosendaal	VLP Roosendaal	VLP Roosendaal	VLP	VLP Roosendaal	1
GM1674	G1674	Roosendaal	Roosendaal	Roosendaalse Lijst	Roosendaalse Lijst	ROOSENLI	Roosendaalse Lijst	1
GM1674	G1674	Roosendaal	Roosendaal	VVD	VVD	VVD	VVD	1
GM1674	G1674	Roosendaal	Roosendaal	CDA	CDA	CDA	CDA	1
GM1674	G1674	Roosendaal	Roosendaal	D66	D66	D66	D66	1
GM1674	G1674	Roosendaal	Roosendaal	Burger Belangen Roosendaal	Burger Belangen Roosendaal	BBROOS	Burger Belangen Roosendaal	1
GM1674	G1674	Roosendaal	Roosendaal	FVD	FVD	FVD	Forum voor Democratie	1
GM1674	G1674	Roosendaal	Roosendaal	Vitaal Liberaal	Vitaal Liberaal	VITLIB	Vitaal Liberaal	1
GM1674	G1674	Roosendaal	Roosendaal	SP	SP	SP	SP (Socialistische Partij)	1
GM1674	G1674	Roosendaal	Roosendaal	BVNL	BVNL	BVNL	BVNL	1
GM1674	G1674	Roosendaal	Roosendaal	Lijst De Regt	Lijst De Regt	LIJDE	Lijst De Regt	1
GM1674	G1674	Roosendaal	Roosendaal	GroenLinks/PvdA	GroenLinks/PvdA	GLPVDA	GROENLINKS / Partij van de Arbeid (PvdA)	0.92
GM1676	G1676	Schouwen-Duiveland	Schouwen-Duiveland	Leefbaar S-D	Leefbaar Schouwen-Duiveland	LEEFSD	Leefbaar Schouwen-Duiveland	1
GM1676	G1676	Schouwen-Duiveland	Schouwen-Duiveland	CDA	Christen-Democratisch Appèl	CDA	CDA	1
GM1676	G1676	Schouwen-Duiveland	Schouwen-Duiveland	VVD	Volkspartij voor Vrijheid en Democratie	VVD	VVD	1
GM1676	G1676	Schouwen-Duiveland	Schouwen-Duiveland	SGP	Staatkundig Gereformeerde Partij	SGP	Staatkundig Gereformeerde Partij (SGP)	1
GM1676	G1676	Schouwen-Duiveland	Schouwen-Duiveland	ChristenUnie	ChristenUnie	CU	ChristenUnie	1
GM1676	G1676	Schouwen-Duiveland	Schouwen-Duiveland	D66	D66	D66	D66	1
GM1676	G1676	Schouwen-Duiveland	Schouwen-Duiveland	SP	Socialistische Partij	SP	SP (Socialistische Partij)	1
GM1676	G1676	Schouwen-Duiveland	Schouwen-Duiveland	GroenLinks-PvdA	Groenlinks - Partij van de Arbeid	GLPVDA	GROENLINKS / Partij van de Arbeid (PvdA)	0.92
GM1695	G1695	Noord-Beveland	Noord-Beveland	Noord-Bevelands Belang	Noord-Bevelands Belang	NBB	Noord-Bevelands Belang	1
GM1695	G1695	Noord-Beveland	Noord-Beveland	VVD	Volkspartij voor Vrijheid en Democratie	VVD	VVD	1
GM1695	G1695	Noord-Beveland	Noord-Beveland	SGP	Staatkundig Gereformeerde Partij	SGP	Staatkundig Gereformeerde Partij (SGP)	1
GM1695	G1695	Noord-Beveland	Noord-Beveland	CDA	Christen-Democratisch Appèl	CDA	CDA	1
GM1695	G1695	Noord-Beveland	Noord-Beveland	FvD	Forum voor Democratie	FVD	Forum voor Democratie	1
GM1695	G1695	Noord-Beveland	Noord-Beveland	Hart voor Noord-Beveland	Hart voor Noord-Beveland	HARVOO	Hart voor Noord-Beveland	1
GM1695	G1695	Noord-Beveland	Noord-Beveland	PvdA-GroenLinks	PvdA-GroenLinks	GLPVDA	GROENLINKS / Partij van de Arbeid (PvdA)	0.92
GM1695	G1695	Noord-Beveland	Noord-Beveland	Wij Zijn Noord-Beveland	Wij Zijn Noord-Beveland	WZNB	Wij zijn Noord-Beveland - WZNB	0.88
GM1700	G1700	Twenterand	Twenterand	Gemeente Belangen Twenterand	Gemeente Belangen Twenterand	GEMBEL	Gemeente Belangen Twenterand	1
GM1700	G1700	Twenterand	Twenterand	CDA	CDA Twenterand	CDA	CDA	1
GM1700	G1700	Twenterand	Twenterand	ChristenUnie	ChristenUnie Twenterand	CU	ChristenUnie	1
GM1700	G1700	Twenterand	Twenterand	Staatkundig Gereformeerde Partij (SGP)	Staatkundig Gereformeerde Partij	SGP	Staatkundig Gereformeerde Partij (SGP)	1
GM1700	G1700	Twenterand	Twenterand	PVV (Partij voor de Vrijheid)	Partij voor de Vrijheid Twenterand	PVV	PVV (Partij voor de Vrijheid)	1
GM1700	G1700	Twenterand	Twenterand	VVD	VVD Twenterand	VVD	VVD	1
GM1700	G1700	Twenterand	Twenterand	Partij voor Twenterand	Partij voor Twenterand	PARVOO	Partij voor Twenterand	1
GM1700	G1700	Twenterand	Twenterand	Partij van de Arbeid (PvdA) / GROENLINKS	PvdA-Groen Links Twenterand	GLPVDA	GROENLINKS / Partij van de Arbeid (PvdA)	0.92
GM1701	G1701	Westerveld	Westerveld	CDA	Christen-Democratisch Appel	CDA	CDA	1
GM1701	G1701	Westerveld	Westerveld	VVD	Volkspartij Vrijheid en Democratie	VVD	VVD	1
GM1701	G1701	Westerveld	Westerveld	GL/PvdA/PW	GroenLinks/Partij van de Arbeid/Progressief Westerveld	PROWGL	Groenlinks/PvdA / Progressief Westerveld	0.88
GM1701	G1701	Westerveld	Westerveld	LSW	Lokaal Sociaal Westerveld	LOKSOC	Lokaal Sociaal Westerveld (LSW)	0.88
GM1701	G1701	Westerveld	Westerveld	DSW/GBW	Duurzaam Sterk Westerveld & Gemeente Belangen Westerveld	DSW	D S W / Gemeentebelangen Westerveld	0.88
GM1705	G1705	Lingewaard	Lingewaard	Lokaal Belang Lingewaard	Lokaal Belang Lingewaard	LOKBLW	Lokaal Belang Lingewaard	1
GM1705	G1705	Lingewaard	Lingewaard	Lingewaard.NU-B06	Lingewaard.NU-B06	LINGNU	lingewaard.NU - B06	1
GM1705	G1705	Lingewaard	Lingewaard	VVD	VVD	VVD	VVD	1
GM1705	G1705	Lingewaard	Lingewaard	D66	D66	D66	D66	1
GM1705	G1705	Lingewaard	Lingewaard	CDA	CDA	CDA	CDA	1
GM1705	G1705	Lingewaard	Lingewaard	SP	SP	SP	SP (Socialistische Partij)	1
GM1705	G1705	Lingewaard	Lingewaard	Forum voor Democratie	Forum voor Democratie	FVD	Forum voor Democratie	1
GM1705	G1705	Lingewaard	Lingewaard	Lijst Jansen	Lijst Jansen	BLANCO	Blanco (Jansen, S.)	0.93
GM1705	G1705	Lingewaard	Lingewaard	GroenLinks - PvdA	GroenLinks - PvdA	GLPVDA	GROENLINKS / Partij van de Arbeid (PvdA)	0.92
GM1708	G1708	Steenwijkerland	Steenwijkerland	BGL	BuitenGewoon Leefbaar	BGL	BuitenGewoon Leefbaar (BGL)	1
GM1708	G1708	Steenwijkerland	Steenwijkerland	CPB	Christelijke Partij Burgerbelangen	CPB	Christelijke Partij Burgerbelangen (CPB)	1
GM1708	G1708	Steenwijkerland	Steenwijkerland	VVD	Volkspartij voor Vrijheid en Democratie	VVD	VVD	1
GM1708	G1708	Steenwijkerland	Steenwijkerland	CDA	Christen-Democratisch Appèl	CDA	CDA	1
GM1708	G1708	Steenwijkerland	Steenwijkerland	D66	D66	D66	D66	1
GM1708	G1708	Steenwijkerland	Steenwijkerland	Veur Elkaar	Veur Elkaar	VEUELK	Veur Elkaar	1
GM1708	G1708	Steenwijkerland	Steenwijkerland	PVBNI	Partij voor Behoud van de Nederlandse Identiteit	PVBNI	PVBNI	1
GM1708	G1708	Steenwijkerland	Steenwijkerland	FvD	Forum voor Democratie	FVD	Forum voor Democratie	1
GM1708	G1708	Steenwijkerland	Steenwijkerland	STEM Steenwijkerland	STEM Steenwijkerland	STESTE	STEM Steenwijkerland	1
GM1708	G1708	Steenwijkerland	Steenwijkerland	GroenLinks-PvdA	Groenlinks - Partij van de Arbeid	GLPVDA	GROENLINKS / Partij van de Arbeid (PvdA)	0.92
GM1708	G1708	Steenwijkerland	Steenwijkerland	ChristenUnie Steenwijkerland	ChristenUnie Steenwijkerland	CU	ChristenUnie	0.88
GM1709	G1709	Moerdijk	Moerdijk	Onafhankelijk Moerdijk	Onafhankelijk Moerdijk	OM	Onafhankelijk Moerdijk	1
GM1709	G1709	Moerdijk	Moerdijk	VVD	Volkspartij voor Vrijheid en Democratie	VVD	VVD	1
GM1709	G1709	Moerdijk	Moerdijk	Moerdijk Lokaal	Moerdijk Lokaal	MOERLOK	Moerdijk Lokaal	1
GM1709	G1709	Moerdijk	Moerdijk	CDA	Christen-Democratisch Appèl	CDA	CDA	1
GM1709	G1709	Moerdijk	Moerdijk	ChristenUnie	ChristenUnie	CU	ChristenUnie	1
GM1709	G1709	Moerdijk	Moerdijk	D66	D66	D66	D66	1
GM1709	G1709	Moerdijk	Moerdijk	VOORUIT!	Moerdijk Vooruit	MOEVOO	Moerdijk VOORUIT!	1
GM1709	G1709	Moerdijk	Moerdijk	FvD	Forum voor Democratie	FVD	Forum voor Democratie	1
GM1709	G1709	Moerdijk	Moerdijk	GroenLinks-PvdA	Groenlinks - Partij van de Arbeid	GLPVDA	GROENLINKS / Partij van de Arbeid (PvdA)	0.92
GM1709	G1709	Moerdijk	Moerdijk	Burger Belangen Moerdijk	Burger Belangen Moerdijk	BBMBBB	Burger Belangen Moerdijk / BBB Bondgenoot	0.88
GM1714	G1714	Sluis	Sluis	Sluis Lokaal	Sluis Lokaal	SLOK	Sluis Lokaal	1
GM1714	G1714	Sluis	Sluis	VVD	Volkspartij voor Vrijheid en Democratie	VVD	VVD	1
GM1714	G1714	Sluis	Sluis	CDA	Christen-Democratisch Appèl	CDA	CDA	1
GM1714	G1714	Sluis	Sluis	SP	Socialistische Partij	SP	SP (Socialistische Partij)	1
GM1714	G1714	Sluis	Sluis	Lijst Babijn	Politieke Vereniging Lijst Babijn	LB	Politieke Vereniging Lijst Babijn	1
GM1714	G1714	Sluis	Sluis	FvD	Forum voor Democratie	FVD	Forum voor Democratie	1
GM1714	G1714	Sluis	Sluis	PvdA Sluis	Partij van de Arbeid Sluis	PVDA	Partij van de Arbeid (PvdA)	0.94
GM1714	G1714	Sluis	Sluis	BBB Sluis	BoerBurgerBeweging Sluis	BBB	BBB	0.94
GM1714	G1714	Sluis	Sluis	GroenLinks Sluis	GroenLinks Sluis	GL	GROENLINKS	0.88
GM1719	G1719	Drimmelen	Drimmelen	Lijst Harry Bakker	Lijst Harry Bakker	BAKKER	LIJST HARRY BAKKER	1
GM1719	G1719	Drimmelen	Drimmelen	VVD	Volkspartij voor Vrijheid en Democratie	VVD	VVD	1
GM1719	G1719	Drimmelen	Drimmelen	Combinatie Algemeen Belang Drimmelen	Combinatie Algemeen Belang	CAB	Combinatie Algemeen Belang	1
GM1719	G1719	Drimmelen	Drimmelen	SAMEN Drimmelen	SAMEN Drimmelen	SAMEN	SAMEN Drimmelen	1
GM1719	G1719	Drimmelen	Drimmelen	CDA	Christen-Democratisch Appèl	CDA	CDA	1
GM1719	G1719	Drimmelen	Drimmelen	Lijst Ad Buijs	Lijst Ad Buijs	BLANCO	Blanco (Buijs, A.J.H.)	0.93
GM1719	G1719	Drimmelen	Drimmelen	GroenLinks-PvdA	Groenlinks - Partij van de Arbeid	GLPVDA	GROENLINKS / Partij van de Arbeid (PvdA)	0.92
GM1719	G1719	Drimmelen	Drimmelen	Groen Drimmelen	Groen Drimmelen	VPD66	Groen Drimmelen (VP/D66)	0.88
GM1721	G1721	Bernheze	Bernheze	CDA	CDA	CDA	CDA	1
GM1721	G1721	Bernheze	Bernheze	Lokaal	Lokaal	LOK	Lokaal	1
GM1721	G1721	Bernheze	Bernheze	SP	SP	SP	SP (Socialistische Partij)	1
GM1721	G1721	Bernheze	Bernheze	Progressief Bernheze	Progressief Bernheze	PROBHZ	Progressief Bernheze	1
GM1721	G1721	Bernheze	Bernheze	ONS Bernheze	ONS Bernheze	ONSBER	ONS Bernheze	1
GM1721	G1721	Bernheze	Bernheze	CRB	Centrumrechts Bernheze	CENBER	Centrumrechts Bernheze	1
GM1723	G1723	Alphen-Chaam	Alphen-Chaam	GBSV	Gemeentebelangen Samenwerkingsverband Chaam	GBSV	GBSV	1
GM1723	G1723	Alphen-Chaam	Alphen-Chaam	CDA	Christen-Democratisch Appèl	CDA	CDA	1
GM1723	G1723	Alphen-Chaam	Alphen-Chaam	VVD	Volkspartij voor Vrijheid en Democratie	VVD	VVD	1
GM1723	G1723	Alphen-Chaam	Alphen-Chaam	D66	D66	D66	D66	1
GM1723	G1723	Alphen-Chaam	Alphen-Chaam	Lokaal Krachtig	Lokaal Krachtig	LOKKRA	Lokaal Krachtig	1
GM1724	G1724	Bergeijk	Bergeijk	CDA	Christen-Democratisch Appèl	CDA	CDA	1
GM1724	G1724	Bergeijk	Bergeijk	LPB	Lokale Partij Bergeijk	LOKB	Lokale Partij Bergeijk	1
GM1724	G1724	Bergeijk	Bergeijk	VVD	Volkspartij voor Vrijheid en Democratie	VVD	VVD	1
GM1724	G1724	Bergeijk	Bergeijk	GroenLinks-PvdA	Groenlinks - Partij van de Arbeid	GLPVDA	GROENLINKS / Partij van de Arbeid (PvdA)	0.92
GM1728	G1728	Bladel	Bladel	Bladel Transparant	Bladel Transparant	BT	Bladel Transparant	1
GM1728	G1728	Bladel	Bladel	CDA	Christen-Democratisch Appèl	CDA	CDA	1
GM1728	G1728	Bladel	Bladel	PRO5	PRO5	PRO5	PRO5	1
GM1728	G1728	Bladel	Bladel	VVD	Volkspartij voor Vrijheid en Democratie	VVD	VVD	1
GM1728	G1728	Bladel	Bladel	D66	D66	D66	D66	1
GM1728	G1728	Bladel	Bladel	Vrije Hapertse Partij	Vrije Hapertse Partij	VHP	VHP (Vrije Hapertse Partij)	0.88
GM1729	G1729	Gulpen-Wittem	Gulpen-Wittem	Pro Gulpen-Wittem	Pro Gulpen-Wittem	PRO	PRO Gulpen-Wittem	1
GM1729	G1729	Gulpen-Wittem	Gulpen-Wittem	Fractie Franssen	Fractie Franssen	FFRANSS	Fractie Franssen	1
GM1729	G1729	Gulpen-Wittem	Gulpen-Wittem	DOE’22	DOE’22	DOE22	DOE'22	1
GM1729	G1729	Gulpen-Wittem	Gulpen-Wittem	VVD	Volkspartij voor Vrijheid en Democratie	VVD	VVD	1
GM1729	G1729	Gulpen-Wittem	Gulpen-Wittem	Gulpen-Wittem Lokaal	Gulpen-Wittem Lokaal	GWL	GWL, Gulpen-Wittem Lokaal	0.88
GM1734	G1734	Overbetuwe	Overbetuwe	Gemeentebelangen Overbetuwe	Gemeentebelangen Overbetuwe	GEMBEL	Gemeentebelangen Overbetuwe	1
GM1734	G1734	Overbetuwe	Overbetuwe	CDA	Christen-Democratisch Appèl	CDA	CDA	1
GM1734	G1734	Overbetuwe	Overbetuwe	D66	Democraten 66	D66	D66	1
GM1734	G1734	Overbetuwe	Overbetuwe	Lijst BOB	Lijst Burgerbelangen OverBetuwe	BOB	Lijst BOB	1
GM1734	G1734	Overbetuwe	Overbetuwe	VVD	Volkspartij voor Vrijheid en Democratie	VVD	VVD	1
GM1734	G1734	Overbetuwe	Overbetuwe	ChristenUnie	ChristenUnie	CU	ChristenUnie	1
GM1734	G1734	Overbetuwe	Overbetuwe	OverbetuweNu	OverbetuweNu	OVERBETU	OverbetuweNu	1
GM1734	G1734	Overbetuwe	Overbetuwe	SGP	Staatskundig Gereformeerde Partij	SGP	Staatkundig Gereformeerde Partij (SGP)	1
GM1734	G1734	Overbetuwe	Overbetuwe	GroenLinks-PvdA	GroenLinks-Partij van de Arbeid	GLPVDA	GROENLINKS / Partij van de Arbeid (PvdA)	0.92
GM1735	G1735	Hof van Twente	Hof van Twente	CDA	Christen-Democratisch Appèl	CDA	CDA	1
GM1735	G1735	Hof van Twente	Hof van Twente	VVD	Volkspartij voor Vrijheid en Democratie	VVD	VVD	1
GM1735	G1735	Hof van Twente	Hof van Twente	D66	D66	D66	D66	1
GM1735	G1735	Hof van Twente	Hof van Twente	BBB	BoerBurgerBeweging	BBB	BBB	1
GM1735	G1735	Hof van Twente	Hof van Twente	FvD	Forum voor Democratie	FVD	Forum voor Democratie	1
GM1735	G1735	Hof van Twente	Hof van Twente	Gemeentebelangen	Gemeentebelangen	GEMBEL	Gemeente Belangen	0.9411764705882353
GM1735	G1735	Hof van Twente	Hof van Twente	GroenLinks-PvdA-InBeweging	Groenlinks - Partij van de Arbeid - InBeweging	BEWEGING	PvdA / GROENLINKS / In Beweging	0.88
GM1740	G1740	Neder-Betuwe	Neder-Betuwe	SGP	Staatkundig Gereformeerde Partij	SGP	Staatkundig Gereformeerde Partij (SGP)	1
GM1740	G1740	Neder-Betuwe	Neder-Betuwe	Gemeentebelangen	Gemeentebelangen Neder-Betuwe	GEMBEL	Gemeentebelangen	1
GM1740	G1740	Neder-Betuwe	Neder-Betuwe	VVD	Volkspartij voor Vrijheid en Democratie	VVD	VVD	1
GM1740	G1740	Neder-Betuwe	Neder-Betuwe	Vóór Neder-Betuwe	Vóór Neder-Betuwe	VNBET	Vóór Neder-Betuwe	1
GM1740	G1740	Neder-Betuwe	Neder-Betuwe	CDA-CU	Christen-Democratisch Appèl-ChristenUnie	CDACU	CDA-ChristenUnie	0.93
GM1740	G1740	Neder-Betuwe	Neder-Betuwe	GroenLinks-PvdA	Groenlinks - Partij van de Arbeid	GLPVDA	GROENLINKS / Partij van de Arbeid (PvdA)	0.92
GM1773	G1773	Olst-Wijhe	Olst-Wijhe	Gemeentebelangen	Gemeentebelangen Olst-Wijhe	GEMBEL	Gemeentebelangen Olst-Wijhe	1
GM1773	G1773	Olst-Wijhe	Olst-Wijhe	CDA	Christen-Democratisch Appèl	CDA	CDA	1
GM1773	G1773	Olst-Wijhe	Olst-Wijhe	VVD	Volkspartij voor Vrijheid en Democratie	VVD	VVD	1
GM1773	G1773	Olst-Wijhe	Olst-Wijhe	GroenLinks/PvdA/D66	GROENLINKS/Partij van de Arbeid/ D66	GLPVD66	GROENLINKS / Partij van de Arbeid (PvdA) / D66	0.875
GM1774	G1774	Dinkelland	Dinkelland	Lokaal Dinkelland	Lokaal Dinkelland	LOK	Lokaal Dinkelland	1
GM1774	G1774	Dinkelland	Dinkelland	CDA	Christen-Democratisch Appèl	CDA	CDA	1
GM1774	G1774	Dinkelland	Dinkelland	VVD	Volkspartij voor Vrijheid en Democratie	VVD	VVD	1
GM1774	G1774	Dinkelland	Dinkelland	BBB	BoerBurgerBeweging	BBB	BBB	1
GM1774	G1774	Dinkelland	Dinkelland	GroenLinks-PvdA	Groenlinks - Partij van de Arbeid	GLPVDA	GROENLINKS / Partij van de Arbeid (PvdA)	0.92
GM1783	G1783	Westland	Westland	Westland Verstandig	Westland Verstandig	WSTVER	Westland Verstandig	1
GM1783	G1783	Westland	Westland	CDA	Christen-Democratisch Appèl	CDA	CDA	1
GM1783	G1783	Westland	Westland	LPF Westland	LPF Westland	LPFWEST	LPF Westland	1
GM1783	G1783	Westland	Westland	VVD	Volkspartij voor Vrijheid en Democratie	VVD	VVD	1
GM1783	G1783	Westland	Westland	D66	D66	D66	D66	1
GM1783	G1783	Westland	Westland	ChristenUnie-SGP	ChristenUnie-Staatkundig Gereformeerde Partij	CUSGP	ChristenUnie-SGP	1
GM1783	G1783	Westland	Westland	FvD	Forum voor Democratie	FVD	Forum voor Democratie	1
GM1783	G1783	Westland	Westland	50PLUS	50PLUS	50PLUS	50PLUS	1
GM1783	G1783	Westland	Westland	GroenLinks-PvdA	Groenlinks - Partij van de Arbeid	GLPVDA	GROENLINKS / Partij van de Arbeid (PvdA)	0.92
GM1783	G1783	Westland	Westland	GemeenteBelang Westland	GemeenteBelang Westland	GBW	GemeenteBelang Westland (GBW)	0.88
GM1842	G1842	Midden-Delfland	Midden-Delfland	Mijn Partij	Mijn Partij	MP	Mijn Partij	1
GM1842	G1842	Midden-Delfland	Midden-Delfland	CDA	Christen-Democratisch Appèl	CDA	CDA	1
GM1842	G1842	Midden-Delfland	Midden-Delfland	OGP Midden Delfland	OGP Midden Delfland	OGP	OGP Midden-Delfland	1
GM1842	G1842	Midden-Delfland	Midden-Delfland	VVD	Volkspartij voor Vrijheid en Democratie	VVD	VVD	1
GM1842	G1842	Midden-Delfland	Midden-Delfland	D66	D66	D66	D66	1
GM1842	G1842	Midden-Delfland	Midden-Delfland	ChristenUnie	ChristenUnie	CU	ChristenUnie	1
GM1859	G1859	Berkelland	Berkelland	CDA	Christen-Democratisch Appèl	CDA	CDA	1
GM1859	G1859	Berkelland	Berkelland	VVD	Volkspartij voor Vrijheid en Democratie	VVD	VVD	1
GM1859	G1859	Berkelland	Berkelland	BBB	BoerBurgerBeweging	BBB	BBB	1
GM1859	G1859	Berkelland	Berkelland	Samen D’ran	Samen D’ran	SAMDRAN	Samen D'ran	1
GM1859	G1859	Berkelland	Berkelland	GroenLinks-PvdA	Groenlinks - Partij van de Arbeid	GLPVDA	GROENLINKS / Partij van de Arbeid (PvdA)	0.92
GM1859	G1859	Berkelland	Berkelland	Samen voor Berkelland	Samen voor Berkelland	SVB	SVB (Samen Voor Berkelland)	0.88
GM1876	G1876	Bronckhorst	Bronckhorst	CDA	Christen-Democratisch Appèl	CDA	CDA	1
GM1876	G1876	Bronckhorst	Bronckhorst	VVD	Volkspartij voor Vrijheid en Democratie	VVD	VVD	1
GM1876	G1876	Bronckhorst	Bronckhorst	D66	D66	D66	D66	1
GM1876	G1876	Bronckhorst	Bronckhorst	ChristenUnie-SGP	ChristenUnie-SGP	CUSGP	ChristenUnie-SGP	1
GM1876	G1876	Bronckhorst	Bronckhorst	Lokaal Bronckhorst	Lokaal Bronckhorst	LOKBRO	Lokaal Bronckhorst	1
GM1876	G1876	Bronckhorst	Bronckhorst	Belang van Nederland	Belang van Nederland	BVNL	BVNL	0.93
GM1876	G1876	Bronckhorst	Bronckhorst	GroenLinks-PvdA	Groenlinks - Partij van de Arbeid	GLPVDA	GROENLINKS / Partij van de Arbeid (PvdA)	0.92
GM1876	G1876	Bronckhorst	Bronckhorst	Gemeentebelangen Bronckhorst	Gemeentebelangen Bronckhorst	GBB	Gemeentebelangen Bronckhorst (GBB)	0.88
GM1884	G1884	Kaag en Braassem	Kaag en Braassem	CDA	Christen-Democratisch Appèl	CDA	CDA	1
GM1884	G1884	Kaag en Braassem	Kaag en Braassem	Samen Kaag en Braasem	Samen Kaag en Braassem	SVKB	Samen Kaag en Braassem	1
GM1884	G1884	Kaag en Braassem	Kaag en Braassem	D66	D66	D66	D66	1
GM1884	G1884	Kaag en Braassem	Kaag en Braassem	VVD	Volkspartij voor Vrijheid en Democratie	VVD	VVD	1
GM1884	G1884	Kaag en Braassem	Kaag en Braassem	Kern 11	Kern 11	KER	Kern 11	1
GM1884	G1884	Kaag en Braassem	Kaag en Braassem	Pro Kaag en Braasem	Pro Kaag en Braasem	PRO	PRO Kaag en Braassem	0.95
GM1892	G1892	Zuidplas	Zuidplas	ChristenUnie-SGP	ChristenUnie-SGP	CUSGP	ChristenUnie-SGP	1
GM1892	G1892	Zuidplas	Zuidplas	VVD	Volkspartij voor Vrijheid en Democratie	VVD	VVD	1
GM1892	G1892	Zuidplas	Zuidplas	CDA	Christen-Democratisch Appél	CDA	CDA	1
GM1892	G1892	Zuidplas	Zuidplas	D66	D66	D66	D66	1
GM1892	G1892	Zuidplas	Zuidplas	NEZ	Nieuw Elan Zuidplas	NEZ	Nieuw Elan Zuidplas (NEZ)	1
GM1892	G1892	Zuidplas	Zuidplas	SP	Socialistische Partij	SP	SP (Socialistische Partij)	1
GM1892	G1892	Zuidplas	Zuidplas	Platform Zuidplas	Platform Zuidplas	PLAZUI	Platform Zuidplas	1
GM1892	G1892	Zuidplas	Zuidplas	FvD	Forum voor Democratie	FVD	Forum voor Democratie	1
GM1892	G1892	Zuidplas	Zuidplas	Lijst 10 Blanco	Lijst 10 Blanco	BLANCO	Blanco (Pouwels-Nahrvar, S.)	0.93
GM1892	G1892	Zuidplas	Zuidplas	GroenLinks-PvdA	GroenLinks - Partij van de Arbeid	GLPVDA	GROENLINKS / Partij van de Arbeid (PvdA)	0.92
GM1894	G1894	Peel en Maas	Peel en Maas	Lokaal Peel en Maas	Lokaal Peel en Maas	LOKPM	Lokaal Peel en Maas	1
GM1894	G1894	Peel en Maas	Peel en Maas	CDA	Christen-Democratisch Appèl	CDA	CDA	1
GM1894	G1894	Peel en Maas	Peel en Maas	VVD	Volkspartij voor Vrijheid en Democratie	VVD	VVD	1
GM1894	G1894	Peel en Maas	Peel en Maas	D66	D66	D66	D66	1
GM1894	G1894	Peel en Maas	Peel en Maas	PvdA-GroenLinks	Partij van de Arbeid-Groenlinks	GLPVDA	GROENLINKS / Partij van de Arbeid (PvdA)	0.92
GM1894	G1894	Peel en Maas	Peel en Maas	BBB	BoerBurgerBeweging	BBBPEE	BBB Peel en Maas	0.9
GM1896	G1896	Zwartewaterland	Zwartewaterland	SGP	Staatkundig Gerefromeerde Partij	SGP	Staatkundig Gereformeerde Partij (SGP)	1
GM1896	G1896	Zwartewaterland	Zwartewaterland	ChristenUnie	ChristenUnie	CU	ChristenUnie	1
GM1896	G1896	Zwartewaterland	Zwartewaterland	CDA	Christen-Democratisch Appél	CDA	CDA	1
GM1896	G1896	Zwartewaterland	Zwartewaterland	PvdA	Partij voor de Arbeid	PVDA	Partij van de Arbeid (PvdA)	1
GM1896	G1896	Zwartewaterland	Zwartewaterland	VVD	Volkspartij voor Vrijheid en Democratie	VVD	VVD	1
GM1896	G1896	Zwartewaterland	Zwartewaterland	BuitenGewoon Zwartewaterland	BuitenGewoon Zwartewaterland	BGZ	Buitengewoon Zwartewaterland ( BGZ )	0.88
GM1901	G1901	Bodegraven-Reeuwijk	Bodegraven-Reeuwijk	CDA	Christen-Democratisch Appèl	CDA	CDA	1
GM1901	G1901	Bodegraven-Reeuwijk	Bodegraven-Reeuwijk	VVD	Volkspartij voor Vrijheid en Democratie	VVD	VVD	1
GM1901	G1901	Bodegraven-Reeuwijk	Bodegraven-Reeuwijk	Burgerbelangen Bodegraven Reeuwijk	Burgerbelangen Bodegraven Reeuwijk	BBBR	Burgerbelangen Bodegraven Reeuwijk	1
GM1901	G1901	Bodegraven-Reeuwijk	Bodegraven-Reeuwijk	SGP	Staatkundig Gereformeerde Partij	SGP	Staatkundig Gereformeerde Partij (SGP)	1
GM1901	G1901	Bodegraven-Reeuwijk	Bodegraven-Reeuwijk	Lokaal Liberaal Bodegraven-Reeuwijk	Lokaal Liberaal Bodegraven-Reeuwijk	LOKLIBBR	Lokaal Liberaal Bodegraven-Reeuwijk	1
GM1901	G1901	Bodegraven-Reeuwijk	Bodegraven-Reeuwijk	ChristenUnie	ChristenUnie	CU	ChristenUnie	1
GM1901	G1901	Bodegraven-Reeuwijk	Bodegraven-Reeuwijk	D66	D66	D66	D66	1
GM1901	G1901	Bodegraven-Reeuwijk	Bodegraven-Reeuwijk	GroenLinks-PvdA	Groenlinks - Partij van de Arbeid	GLPVDA	GROENLINKS / Partij van de Arbeid (PvdA)	0.92
GM1904	G1904	Stichtse Vecht	Stichtse Vecht	Lokaal Liberaal	Lokaal Liberaal	LOKLIB	Lokaal Liberaal	1
GM1904	G1904	Stichtse Vecht	Stichtse Vecht	VVD	Volkspartij voor Vrijheid en Democratie	VVD	VVD	1
GM1904	G1904	Stichtse Vecht	Stichtse Vecht	D66	D66	D66	D66	1
GM1904	G1904	Stichtse Vecht	Stichtse Vecht	Streekbelangen	Streekbelangen	STREEK	Streekbelangen	1
GM1904	G1904	Stichtse Vecht	Stichtse Vecht	CDA	Christen-Democratisch Appèl	CDA	CDA	1
GM1904	G1904	Stichtse Vecht	Stichtse Vecht	ChristenUnie-SGP	ChristenUnie-SGP	CUSGP	ChristenUnie-SGP	1
GM1904	G1904	Stichtse Vecht	Stichtse Vecht	Samen Stichtse Vecht	Samen Stichtse Vecht	SSV	Samen Stichtse Vecht	1
GM1904	G1904	Stichtse Vecht	Stichtse Vecht	SP	Socialistische Partij	SP	SP (Socialistische Partij)	1
GM1904	G1904	Stichtse Vecht	Stichtse Vecht	PVV	PVV	PVV	PVV (Partij voor de Vrijheid)	1
GM1904	G1904	Stichtse Vecht	Stichtse Vecht	Het Vechtse verbond	Het Vechtse verbond	HVV	Het Vechtse Verbond	1
GM1904	G1904	Stichtse Vecht	Stichtse Vecht	GroenLinks-PvdA	Groenlinks - Partij van de Arbeid	GLPVDA	GROENLINKS / Partij van de Arbeid (PvdA)	0.92
GM1916	G1916	Leidschendam-Voorburg	Leidschendam-Voorburg	VVD	Volkspartij voor Vrijheid en Democratie	VVD	VVD	1
GM1916	G1916	Leidschendam-Voorburg	Leidschendam-Voorburg	GBLV	Gemeentebelangen Leidschendam Voorburg	GBLV	GBLV/Gemeentebelangen	1
GM1916	G1916	Leidschendam-Voorburg	Leidschendam-Voorburg	D66	D66	D66	D66	1
GM1916	G1916	Leidschendam-Voorburg	Leidschendam-Voorburg	CDA	Christen-Democratisch Appèl	CDA	CDA	1
GM1916	G1916	Leidschendam-Voorburg	Leidschendam-Voorburg	SP	Socialistische Partij	SP	SP (Socialistische Partij)	1
GM1916	G1916	Leidschendam-Voorburg	Leidschendam-Voorburg	ChristenUnie	ChristenUnie	CU	ChristenUnie	1
GM1916	G1916	Leidschendam-Voorburg	Leidschendam-Voorburg	PvdD	Partij voor de Dieren	PVDD	Partij voor de Dieren	1
GM1916	G1916	Leidschendam-Voorburg	Leidschendam-Voorburg	Volt	Volt	VOLT	Volt	1
GM1916	G1916	Leidschendam-Voorburg	Leidschendam-Voorburg	Aandacht LV	Aandacht LV	AANDACHT	Aandacht-LV	1
GM1916	G1916	Leidschendam-Voorburg	Leidschendam-Voorburg	GroenLinks-PvdA	Groenlinks - Partij van de Arbeid	GLPVDA	GROENLINKS / Partij van de Arbeid (PvdA)	0.92
GM1924	G1924	Goeree-Overflakkee	Goeree-Overflakkee	Gaan	Gaan	GAAN	GAAN	1
GM1924	G1924	Goeree-Overflakkee	Goeree-Overflakkee	SGP	Staatkundig Gereformeerde Partij	SGP	Staatkundig Gereformeerde Partij (SGP)	1
GM1924	G1924	Goeree-Overflakkee	Goeree-Overflakkee	CDA	Christen-Democratisch Appèl	CDA	CDA	1
GM1924	G1924	Goeree-Overflakkee	Goeree-Overflakkee	VVD	Volkspartij voor Vrijheid en Democratie	VVD	VVD	1
GM1924	G1924	Goeree-Overflakkee	Goeree-Overflakkee	ChristenUnie	ChristenUnie	CU	ChristenUnie	1
GM1924	G1924	Goeree-Overflakkee	Goeree-Overflakkee	D66	Democraten 66	D66	D66	1
GM1924	G1924	Goeree-Overflakkee	Goeree-Overflakkee	Trots Op Goeree-Overflakkee	Trots Op Goeree-Overflakkee	TROOP	Trots op Goeree-Overflakkee	1
GM1924	G1924	Goeree-Overflakkee	Goeree-Overflakkee	50PLUS	50PLUS	50PLUS	50PLUS	1
GM1924	G1924	Goeree-Overflakkee	Goeree-Overflakkee	GroenLinks-PvdA	Groenlinks - Partij van de Arbeid	GLPVDA	GROENLINKS / Partij van de Arbeid (PvdA)	0.92
GM1926	G1926	Pijnacker-Nootdorp	Pijnacker-Nootdorp	Eerlijk Alternatief	Eerlijk Alternatief	EERALT	Eerlijk Alternatief	1
GM1926	G1926	Pijnacker-Nootdorp	Pijnacker-Nootdorp	D66	D66	D66	D66	1
GM1926	G1926	Pijnacker-Nootdorp	Pijnacker-Nootdorp	VVD	Volkspartij voor Vrijheid en Democratie	VVD	VVD	1
GM1926	G1926	Pijnacker-Nootdorp	Pijnacker-Nootdorp	CDA	Christen-Democratisch Appèl	CDA	CDA	1
GM1926	G1926	Pijnacker-Nootdorp	Pijnacker-Nootdorp	PvdD	Partij voor de Dieren	PVDD	Partij voor de Dieren	1
GM1926	G1926	Pijnacker-Nootdorp	Pijnacker-Nootdorp	ChristenUnie-SGP	ChristenUnie-SGP	CUSGP	ChristenUnie-SGP	1
GM1926	G1926	Pijnacker-Nootdorp	Pijnacker-Nootdorp	FvD	Forum voor Democratie	FVD	Forum voor Democratie	1
GM1926	G1926	Pijnacker-Nootdorp	Pijnacker-Nootdorp	Politieke Partij voor het Basisinkomen	Politieke Partij voor het Basisinkomen	POLPAR	Politieke Partij voor Basisinkomen	0.8947368421052632
GM1926	G1926	Pijnacker-Nootdorp	Pijnacker-Nootdorp	Progressief PN	Progressief Pijnacker-Nootdorp	PRGLPVDA	Progressief PN / GROENLINKS / P.v.d.A.	0.88
GM1926	G1926	Pijnacker-Nootdorp	Pijnacker-Nootdorp	Trots	Trots	TPN	Trots Pijnacker-Nootdorp	0.88
GM1926	G1926	Pijnacker-Nootdorp	Pijnacker-Nootdorp	Pijnacker-Nootdorp Vooruit	Pijnacker-Nootdorp Vooruit	PIJVOO	Pijnacker-Nootdorp Vooruit (PNV)	0.88
GM1930	G1930	Nissewaard	Nissewaard	Ons	Ons	ONS	ONS	1
GM1930	G1930	Nissewaard	Nissewaard	PvdA	Partij van de Arbeid	PVDA	Partij van de Arbeid (PvdA)	1
GM1930	G1930	Nissewaard	Nissewaard	Nissewaard Lokaal	Nissewaard Lokaal	NISLOK	Nissewaard Lokaal	1
GM1930	G1930	Nissewaard	Nissewaard	PVV	PVV	PVV	PVV (Partij voor de Vrijheid)	1
GM1930	G1930	Nissewaard	Nissewaard	VOOR Nissewaard	VOOR Nissewaard	VOOR	VOOR Nissewaard	1
GM1930	G1930	Nissewaard	Nissewaard	VVD	Volkspartij voor Vrijheid en Democratie	VVD	VVD	1
GM1930	G1930	Nissewaard	Nissewaard	CDA	Christen-Democratisch Appèl	CDA	CDA	1
GM1930	G1930	Nissewaard	Nissewaard	BVNL	Belang van Nissewaard	BELNIS	BELANG VAN NISSEWAARD	1
GM1930	G1930	Nissewaard	Nissewaard	ChristenUnie-SGP	ChristenUnie-SGP	CUSGP	ChristenUnie-SGP	1
GM1930	G1930	Nissewaard	Nissewaard	GroenLinks	GroenLinks	GL	GROENLINKS	1
GM1930	G1930	Nissewaard	Nissewaard	FvD	Forum voor Democratie	FVD	Forum voor Democratie	1
GM1930	G1930	Nissewaard	Nissewaard	SP	Socialistische Partij	SP	SP (Socialistische Partij)	1
GM1930	G1930	Nissewaard	Nissewaard	Hardt voor Nissewaard	Hardt voor Nissewaard	HARVOO	Hardt voor Nissewaard	1
GM1930	G1930	Nissewaard	Nissewaard	Partij Jong Nissewaard	Partij Jong Nissewaard	PJN	Partij Jong Nissewaard (PJN)	0.88
GM1931	G1931	Krimpenerwaard	Krimpenerwaard	VGBK	Gemeente belang Krimpenerwaard	VGBK	Gemeente Belang Krimpenerwaard (VGBK)	1
GM1931	G1931	Krimpenerwaard	Krimpenerwaard	SGP	SGP	SGP	Staatkundig Gereformeerde Partij (SGP)	1
GM1931	G1931	Krimpenerwaard	Krimpenerwaard	Leefbaar Krimpenerwaard	Leefbaar Krimpenerwaard	LEEFKR	Leefbaar Krimpenerwaard	1
GM1931	G1931	Krimpenerwaard	Krimpenerwaard	Pro Krimpenerwaard	Pro Krimpenerwaard	PROK	Pro Krimpenerwaard	1
GM1931	G1931	Krimpenerwaard	Krimpenerwaard	CDA	Christen-Democratisch Appèl	CDA	CDA	1
GM1931	G1931	Krimpenerwaard	Krimpenerwaard	VVD	Volkspartij voor Vrijheid en Democratie	VVD	VVD	1
GM1931	G1931	Krimpenerwaard	Krimpenerwaard	CU	ChristenUnie	CU	ChristenUnie	1
GM1931	G1931	Krimpenerwaard	Krimpenerwaard	D66	D66	D66	D66	1
GM1931	G1931	Krimpenerwaard	Krimpenerwaard	FvD	Forum voor Democratie	FVD	Forum voor Democratie	1
GM1931	G1931	Krimpenerwaard	Krimpenerwaard	GL-PvdA	Groenlinks - Partij van de Arbeid	GLPVDA	GROENLINKS / Partij van de Arbeid (PvdA)	0.92
GM1942	G1942	Gooise Meren	Gooise Meren	D66	D66	D66	D66	1
GM1942	G1942	Gooise Meren	Gooise Meren	VVD	Volkspartij voor Vrijheid en Democratie	VVD	VVD	1
GM1942	G1942	Gooise Meren	Gooise Meren	CDA	Christen Democratisch Appel	CDA	CDA	1
GM1942	G1942	Gooise Meren	Gooise Meren	Partij voor Leefomgeving En Klimaat	Partij voor Leefomgeving En Klimaat	PLEK	Partij voor Leefomgeving En Klimaat	1
GM1942	G1942	Gooise Meren	Gooise Meren	Hart Voor Gooise Meren	Hart Voor Gooise Meren	HARVOO	Hart voor Gooise Meren	1
GM1942	G1942	Gooise Meren	Gooise Meren	GroenLinks-PvdA	GroenLinks-PvdA	GLPVDA	GROENLINKS / Partij van de Arbeid (PvdA)	0.92
GM1942	G1942	Gooise Meren	Gooise Meren	Goois Democratisch Platform	Goois Democratisch Platform	GDP	Goois Democratisch Platform (GDP)	0.88
GM1942	G1942	Gooise Meren	Gooise Meren	Muiderberg aan Zet	Muiderberg aan Zet	BLANCO	Blanco (Meijer Cluwen, M.)	0.88
GM1945	G1945	Berg en Dal	Berg en Dal	Kernachtig Groesbeek	Kernachtig Groesbeek	KERNGBK	Kernachtig Groesbeek	1
GM1945	G1945	Berg en Dal	Berg en Dal	CDA	Christen-Democratisch Appèl	CDA	CDA	1
GM1945	G1945	Berg en Dal	Berg en Dal	D66	D66	D66	D66	1
GM1945	G1945	Berg en Dal	Berg en Dal	VVD	Volkspartij voor Vrijheid en Democratie	VVD	VVD	1
GM1945	G1945	Berg en Dal	Berg en Dal	GroenLinks-PvdA	Groenlinks - Partij van de Arbeid	GLPVDA	GROENLINKS / Partij van de Arbeid (PvdA)	0.92
GM1945	G1945	Berg en Dal	Berg en Dal	LOKAAL!	LOKAAL!	LOK	LOKAAL! Berg en Dal	0.88
GM1948	G1948	Meierijstad	Meierijstad	CDA	Christen-Democratisch Appèl	CDA	CDA	1
GM1948	G1948	Meierijstad	Meierijstad	HIER	HIER Meierijstad	HIER	HIER	1
GM1948	G1948	Meierijstad	Meierijstad	Lokaal Meierijstad	Lokaal Meierijstad	LOKMEI	Lokaal Meierijstad	1
GM1948	G1948	Meierijstad	Meierijstad	VVD	Volkspartij voor Vrijheid en Democratie	VVD	VVD	1
GM1948	G1948	Meierijstad	Meierijstad	SP	Socialistische Partij	SP	SP (Socialistische Partij)	1
GM1948	G1948	Meierijstad	Meierijstad	Gemeentebelang Meierijstad	Gemeentebelang Meierijstad	GEMBEL	Gemeentebelang Meierijstad	1
GM1948	G1948	Meierijstad	Meierijstad	Hart	Hart	HART	Hart	1
GM1948	G1948	Meierijstad	Meierijstad	D66	D66	D66	D66	1
GM1948	G1948	Meierijstad	Meierijstad	FvD	Forum voor Democratie	FVD	Forum voor Democratie	1
GM1948	G1948	Meierijstad	Meierijstad	GroenLinks-PvdA	Groenlinks - Partij van de Arbeid	GLPVDA	GROENLINKS / Partij van de Arbeid (PvdA)	0.92
GM1948	G1948	Meierijstad	Meierijstad	Lijst 11	Lijst 11	LIJMET	Lijst met lijstnummer 11	0.9
GM1949	G1949	Waadhoeke	Waadhoeke	SAM	SAM	SAM	SAM Waadhoeke	1
GM1949	G1949	Waadhoeke	Waadhoeke	Gemeentebelangen	Gemeentebelangen	GEMBEL	Gemeentebelangen	1
GM1949	G1949	Waadhoeke	Waadhoeke	FNP	Fryske Nasjonale Partij	FNP	FNP	1
GM1949	G1949	Waadhoeke	Waadhoeke	CDA	Christen-Democratisch Appèl	CDA	CDA	1
GM1949	G1949	Waadhoeke	Waadhoeke	VVD	Volkspartij voor Vrijheid en Democratie	VVD	VVD	1
GM1949	G1949	Waadhoeke	Waadhoeke	ChristenUnie	ChristenUnie	CU	ChristenUnie	1
GM1949	G1949	Waadhoeke	Waadhoeke	BBB	BoerBurgerBeweging	BBB	BBB	1
GM1950	G1950	Westerwolde	Westerwolde	Gemeentebelangen	Gemeentebelangen Westerwolde	GEMBEL	Gemeentebelangen Westerwolde	1
GM1950	G1950	Westerwolde	Westerwolde	PvdA	Partij van de Arbeid	PVDA	Partij van de Arbeid (PvdA)	1
GM1950	G1950	Westerwolde	Westerwolde	CDA	Christen-Democratisch Appèl	CDA	CDA	1
GM1950	G1950	Westerwolde	Westerwolde	PVV	PVV	PVV	PVV (Partij voor de Vrijheid)	1
GM1950	G1950	Westerwolde	Westerwolde	VVD	Volkspartij voor Vrijheid en Democratie	VVD	VVD	1
GM1950	G1950	Westerwolde	Westerwolde	GroenLinks	GroenLinks	GL	GROENLINKS	1
GM1950	G1950	Westerwolde	Westerwolde	Samen voor Westerwolde	Samen voor Westerwolde	SAMVOO	Samen voor Westerwolde	1
GM1950	G1950	Westerwolde	Westerwolde	D66	D66	D66	D66	1
GM1950	G1950	Westerwolde	Westerwolde	Westerwolde Lokaal	Westerwolde Lokaal	WESLOK	Westerwolde Lokaal	1
GM1950	G1950	Westerwolde	Westerwolde	BBB	BoerBurgerBeweging	BBB	BBB	1
GM1955	G1955	Montferland	Montferland	Lijst Groot Montferland	Lijst Groot Montferland	LGMONT	Lijst Groot Montferland	1
GM1955	G1955	Montferland	Montferland	ÉÉN Montferland	ÉÉN Montferland	ENMON	Eén Montferland	1
GM1955	G1955	Montferland	Montferland	CDA Montferland	Christen Democratisch Appèl Montferland	CDA	CDA	0.94
GM1955	G1955	Montferland	Montferland	Helder Montferland	Helder Montferland	HELDER	Helder	0.94
GM1955	G1955	Montferland	Montferland	PvdA Montferland	Partij van de Arbeid Montferland	PVDA	Partij van de Arbeid (PvdA)	0.94
GM1955	G1955	Montferland	Montferland	VVD Montferland	Volkspartij voor Vrijheid en Democratie Montferland	VVD	VVD	0.94
GM1955	G1955	Montferland	Montferland	D66 Montferland	D66 Montferland	D66	D66	0.94
GM1955	G1955	Montferland	Montferland	PVV Montferland	Partij voor de Vrijheid Montferland	PVV	PVV (Partij voor de Vrijheid)	0.94
GM1955	G1955	Montferland	Montferland	Lokaal Belang Montferland	Lokaal Belang Montferland	LBM	Lokaal Belang Montferland (LBM)	0.88
GM1959	G1959	Altena	Altena	CDA	Christen-Democratisch Appèl	CDA	CDA	1
GM1959	G1959	Altena	Altena	AltenaLokaal	AltenaLokaal	ALTENLOK	AltenaLokaal	1
GM1959	G1959	Altena	Altena	SGP	Staatkundig Gereformeerde Partij	SGP	Staatkundig Gereformeerde Partij (SGP)	1
GM1959	G1959	Altena	Altena	Progressief Altena	Progressief Altena	PROALT	Progressief Altena	1
GM1959	G1959	Altena	Altena	ChristenUnie	ChristenUnie	CU	ChristenUnie	1
GM1959	G1959	Altena	Altena	VVD	Volkspartij voor Vrijheid en Democratie	VVD	VVD	1
GM1959	G1959	Altena	Altena	Vrije Volkspartij Altena	Vrije Volkspartij Altena	VVAALT	Vrije Volkspartij Altena	1
GM1959	G1959	Altena	Altena	FvD	Forum voor Democratie	FVD	Forum voor Democratie	1
GM1960	G1960	West Betuwe	West Betuwe	Dorpsbelangen	Dorpsbelangen West Betuwe	DBWB	Dorpsbelangen	1
GM1960	G1960	West Betuwe	West Betuwe	Staatkundig Gereformeerde Partij (SGP)	SGP West Betuwe	SGP	Staatkundig Gereformeerde Partij (SGP)	1
GM1960	G1960	West Betuwe	West Betuwe	GROENLINKS / Partij van de Arbeid (PvdA)	GL-PvdA West Betuwe	GLPVDA	GROENLINKS / Partij van de Arbeid (PvdA)	1
GM1960	G1960	West Betuwe	West Betuwe	Leefbaar Lokaal Belang West Betuwe	Leefbaar Lokaal Belang	LOKWB	Leefbaar Lokaal Belang West Betuwe	1
GM1960	G1960	West Betuwe	West Betuwe	ChristenUnie	CU West Betuwe	CU	ChristenUnie	1
GM1960	G1960	West Betuwe	West Betuwe	VVD	VVD West Betuwe	VVD	VVD	1
GM1960	G1960	West Betuwe	West Betuwe	D66	D66 west betuwe	D66	D66	1
GM1960	G1960	West Betuwe	West Betuwe	Verenigd West Betuwe	Verenigd West Betuwe	VWBET	Verenigd West Betuwe	1
GM1960	G1960	West Betuwe	West Betuwe	CDA	CDA West Betuwe	CDA	CDA	1
GM1960	G1960	West Betuwe	West Betuwe	SP (Socialistische Partij)	SP	SP	SP (Socialistische Partij)	1
GM1961	G1961	Vijfheerenlanden	Vijfheerenlanden	VHL Lokaal	VHL Lokaal	VHLOK	VHL Lokaal	1
GM1961	G1961	Vijfheerenlanden	Vijfheerenlanden	CDA	Christen-Democratisch Appèl	CDA	CDA	1
GM1961	G1961	Vijfheerenlanden	Vijfheerenlanden	SGP	Staatkundig Gereformeerde Partij	SGP	Staatkundig Gereformeerde Partij (SGP)	1
GM1961	G1961	Vijfheerenlanden	Vijfheerenlanden	VVD	Volkspartij voor Vrijheid en Democratie	VVD	VVD	1
GM1961	G1961	Vijfheerenlanden	Vijfheerenlanden	ChristenUnie	ChristenUnie	CU	ChristenUnie	1
GM1961	G1961	Vijfheerenlanden	Vijfheerenlanden	D66	D66	D66	D66	1
GM1961	G1961	Vijfheerenlanden	Vijfheerenlanden	PvdA	Partij van de Arbeid	PVDA	Partij van de Arbeid (PvdA)	1
GM1961	G1961	Vijfheerenlanden	Vijfheerenlanden	BBV	Boeren Burgers Vooruit	BBV	BBV - BBB	1
GM1961	G1961	Vijfheerenlanden	Vijfheerenlanden	Hart voor Vijfheerenland	Hart voor Vijfheerenland	HARVOO	Hart voor Vijfheerenlanden	0.9230769230769231
GM1969	G1969	Westerkwartier	Westerkwartier	VZ Westerkwartier	Partij voor Veiligheid en Zorg	VZWK	VZ Westerkwartier	1
GM1969	G1969	Westerkwartier	Westerkwartier	Sterk Westerkwartier	Sterk Westerkwartier	SWK	Sterk Westerkwartier	1
GM1969	G1969	Westerkwartier	Westerkwartier	ChristenUnie	ChristenUnie	CU	ChristenUnie	1
GM1969	G1969	Westerkwartier	Westerkwartier	D66	Democraten66	D66	D66	1
GM1969	G1969	Westerkwartier	Westerkwartier	CDA	Christen-Democratisch Appèl	CDA	CDA	1
GM1969	G1969	Westerkwartier	Westerkwartier	VVD	Volkspartij Vrijheid & Democratie	VVD	VVD	1
GM1969	G1969	Westerkwartier	Westerkwartier	SGP	Staatkundig Gereformeerde Partij	SGP	Staatkundig Gereformeerde Partij (SGP)	1
GM1969	G1969	Westerkwartier	Westerkwartier	GL-PvdA	Groenlinks-Partij van de Arbeid	GLPVDA	GROENLINKS / Partij van de Arbeid (PvdA)	0.92
GM1978	G1978	Molenlanden	Molenlanden	Doe Mee! Molenlanden	Doe Mee! Molenlanden	DMM	Doe mee! Molenlanden	1
GM1978	G1978	Molenlanden	Molenlanden	SGP	Staatkundig Gereformeerde Partij	SGP	Staatkundig Gereformeerde Partij (SGP)	1
GM1978	G1978	Molenlanden	Molenlanden	CDA	Christen-Democratisch Appèl	CDA	CDA	1
GM1978	G1978	Molenlanden	Molenlanden	ChristenUnie	ChristenUnie	CU	ChristenUnie	1
GM1978	G1978	Molenlanden	Molenlanden	VVD	Volkspartij voor Vrijheid en Democratie	VVD	VVD	1
GM1978	G1978	Molenlanden	Molenlanden	Progressief Molenlanden	Progressief Molenlanden	PROGM	Progressief Molenlanden	1
GM1979	G1979	Eemsdelta	Eemsdelta	Lokaal Belang Eemsdelta	Lokaal Belang Eemsdelta	LOKBEL	Lokaal Belang Eemsdelta	1
GM1979	G1979	Eemsdelta	Eemsdelta	ChristenUnie	ChristenUnie	CU	ChristenUnie	1
GM1979	G1979	Eemsdelta	Eemsdelta	VVD	Volkspartij voor Vrijheid en Democratie	VVD	VVD	1
GM1979	G1979	Eemsdelta	Eemsdelta	CDA	Christen-Democratisch Appèl	CDA	CDA	1
GM1979	G1979	Eemsdelta	Eemsdelta	Eerlijk Democratisch Eemsdelta (EDE)	Eerlijk Democratisch Eemsdelta (EDE)	EERDEM	Eerlijk Democratisch Eemsdelta (EDE)	1
GM1979	G1979	Eemsdelta	Eemsdelta	Volt	Volt	VOLT	Volt	1
GM1979	G1979	Eemsdelta	Eemsdelta	SP	Socialistische Partij	SP	SP (Socialistische Partij)	1
GM1979	G1979	Eemsdelta	Eemsdelta	GroenLinks-PvdA	Groenlinks - Partij van de Arbeid	GLPVDA	GROENLINKS / Partij van de Arbeid (PvdA)	0.92
GM1980	G1980	Dijk en Waard	Dijk en Waard	Lokaal Dijk en Waard	Lokaal Dijk en Waard	LOKDW	Lokaal Dijk en Waard	1
GM1980	G1980	Dijk en Waard	Dijk en Waard	VVD	Volkspartij voor Vrijheid en Democratie	VVD	VVD	1
GM1980	G1980	Dijk en Waard	Dijk en Waard	Senioren Dijk en Waard	Senioren Dijk en Waard	SENIODW	Senioren Dijk en Waard	1
GM1980	G1980	Dijk en Waard	Dijk en Waard	D66	D66	D66	D66	1
GM1980	G1980	Dijk en Waard	Dijk en Waard	CDA	Christen-Democratisch Appèl	CDA	CDA	1
GM1980	G1980	Dijk en Waard	Dijk en Waard	ChristenUnie	ChristenUnie	CU	ChristenUnie	1
GM1980	G1980	Dijk en Waard	Dijk en Waard	50PLUS	50PLUS	50PLUS	50PLUS	1
GM1980	G1980	Dijk en Waard	Dijk en Waard	FvD	Forum voor Democratie	FVD	Forum voor Democratie	1
GM1980	G1980	Dijk en Waard	Dijk en Waard	Beter voor Dijk en Waard	Beter voor Dijk en Waard	BETVOO	BETER VOOR DIJK EN WAARD	1
GM1980	G1980	Dijk en Waard	Dijk en Waard	Dijk&Waardse Onafhankelijke Partij	Dijk&Waardse Onafhankelijke Partij	DWP	Dijk& Waardse Onafhankelijke Partij	0.9705882352941176
GM1980	G1980	Dijk en Waard	Dijk en Waard	GroenLinks-PvdA	Groenlinks - Partij van de Arbeid	GLPVDA	GROENLINKS / Partij van de Arbeid (PvdA)	0.92
GM1980	G1980	Dijk en Waard	Dijk en Waard	BVNL	Belang van Nederland	BELVAN	Belang Van Nederland (BVNL)	0.88
GM1991	G1991	Maashorst	Maashorst	JONG MAASHORST	JONG MAASHORST	JONGMA	JONG MAASHORST	1
GM1991	G1991	Maashorst	Maashorst	CDA	CDA	CDA	CDA	1
GM1991	G1991	Maashorst	Maashorst	KOMPAS Maashorst	KOMPAS Maashorst	KOMPAS	KOMPAS maashorst	1
GM1991	G1991	Maashorst	Maashorst	VVD	VVD	VVD	VVD	1
GM1991	G1991	Maashorst	Maashorst	SP (Socialistische Partij)	SP (Socialistische Partij)	SP	SP (Socialistische Partij)	1
GM1991	G1991	Maashorst	Maashorst	GROENLINKS-Partij van de Arbeid-D66-PRO	GROENLINKS-Partij van de Arbeid-D66-PRO	GROVAN	GROENLINKS-Partij van de Arbeid-D66-PRO	1
GM1991	G1991	Maashorst	Maashorst	Forum voor Democratie	Forum voor Democratie	FVD	Forum voor Democratie	1
GM1991	G1991	Maashorst	Maashorst	LOKAAL Maashorst	LOKAAL Maashorst	LOKMAAS	LOKAAL Maashorst	1
GM1991	G1991	Maashorst	Maashorst	BBB	BBB	BBB	BBB	1
GM1992	G1992	Voorne aan Zee	Voorne aan Zee	IBV	Inwonersbelang Voorne	IBVOORNE	Inwonersbelang Voorne	1
GM1992	G1992	Voorne aan Zee	Voorne aan Zee	VVD	Volkspartij voor Vrijheid en Democratie	VVD	VVD	1
GM1992	G1992	Voorne aan Zee	Voorne aan Zee	CDA	Christen-Democratisch Appèl	CDA	CDA	1
GM1992	G1992	Voorne aan Zee	Voorne aan Zee	BvNL	Belang van Nederland	BVNL	Belang van Nederland (BVNL)	1
GM1992	G1992	Voorne aan Zee	Voorne aan Zee	ONS Voorne	ONS Voorne	ONS	ONS Voorne	1
GM1992	G1992	Voorne aan Zee	Voorne aan Zee	D66	D66	D66	D66	1
GM1992	G1992	Voorne aan Zee	Voorne aan Zee	FvD	Forum voor Democratie	FVD	Forum voor Democratie	1
GM1992	G1992	Voorne aan Zee	Voorne aan Zee	SP	Socialistische Partij	SP	SP (Socialistische Partij)	1
GM1992	G1992	Voorne aan Zee	Voorne aan Zee	Partij met Lef	Partij met Lef	PARTLEF	Partij met Lef!	1
GM1992	G1992	Voorne aan Zee	Voorne aan Zee	LEF	LEF Voor De Nieuwe Generatie	LEF	LEF - Voor de Nieuwe Generatie	1
GM1992	G1992	Voorne aan Zee	Voorne aan Zee	PVaZ	partj voorne aan zee	PVDZ	Partij Voorne aan Zee	0.9523809523809523
GM1992	G1992	Voorne aan Zee	Voorne aan Zee	GroenLinks-PvdA	Groenlinks - Partij van de Arbeid	GLPVDA	GROENLINKS / Partij van de Arbeid (PvdA)	0.92
GM1992	G1992	Voorne aan Zee	Voorne aan Zee	EVV	EVV	ECHVOO	Echt voor Voorne	0.9
